gene,exp1_value1,exp1_value2,exp1_value3,exp1_value4,exp1_value5,exp1_value6,exp1_value7,exp1_value8,exp1_value9,exp2_value1,exp2_value2,exp2_value3,exp2_value4,exp2_value5,exp2_value6,exp2_value7,exp2_value8,exp2_value9,exp1_cluster,exp2_cluster
SCO0201,0.6213245622,-2.1279136722,-0.9289422827,0.1038663563,-0.3960270768,0.3993058344,0.5398240166,0.844045881,0.9445163812,0.9306777688000001,-1.7936652722000002,-1.5860310872999999,0.29881956390000003,0.2847871437,0.150053093,0.1912376758,0.8333064629,0.6908146514,exp1_1,exp2_1
SCO0203,0.9161641554000001,-2.3379237808,0.0877425013,0.5247994891000001,-0.7595520682,0.4135486195,0.1721739649,0.21687297500000002,0.7661741437,-1.4059102421,-1.3422708024,-1.218093315,0.6110158697,0.7151795403,0.4043001278,0.6891784442000001,0.676501153,0.8700992247,exp1_1,exp2_1
SCO0214,0.34088070060000003,-2.2276157412,-0.9433675203,0.49908519160000003,-0.20507989570000001,0.4277380682,0.48977904510000003,0.747249099,0.8713310527,-1.9445007255000002,-1.2590993133000001,0.0722287504,0.1281440016,0.0454140466,1.2802970938,0.7068141010000001,0.4872851982,0.4834168475,exp1_1,exp2_1
SCO0219,0.22479230560000002,-2.1377023127,-0.4865665712,0.6489971404,-0.6170911357000001,-0.0166781388,0.2508972185,1.0993068881,1.0340446058,1.3471909599,-0.4680403957,-1.1845094144,-0.1997098554,-0.8628811306,1.3611197438,-0.5245613289000001,1.1344604414,-0.6030690202,exp1_1,exp2_1
SCO0246,-0.7217595461,-1.5843140756,0.2475027602,2.0393041796,0.2786258618,-0.014820524600000001,0.12301035390000001,-0.7262057035,0.35865669440000003,-0.36651875510000004,-1.6208734905000002,0.8228855733,-0.4509542842,0.2245299487,-0.7700231587,1.9067454902,-0.0255291183,0.27973779460000003,exp1_1,exp2_1
SCO0247,-0.9230101351000001,-1.5337531367000001,0.5479516432,1.4879040285,0.48178096800000003,0.5615145766,0.6548111185000001,-1.133441102,-0.1437579609,-0.8457270957,0.2145282131,-1.6247350970999999,0.8947522516,0.9388576296000001,-0.7214811239000001,1.3320083078,-0.6438435751,0.45564048970000004,exp1_1,exp2_1
SCO0527,-0.44190559560000003,-2.037730665,-0.24698630540000002,1.2409589053,-0.21204794200000002,0.7545801104000001,0.4395218866,-0.49553904810000005,0.9991486538000001,-1.7045886992,1.2519585736,0.09293074750000001,0.0634182459,1.0052643297,-0.9895726755,0.8323513397000001,-0.8587528368,0.3069909752,exp1_1,exp2_1
SCO0622,-0.0787734659,-2.179876639,-0.4654795714,0.6762241686,0.7793457967,0.8437968143,0.29320097840000003,-0.6938203194,0.8253822378000001,-2.4397912113,0.3143882756,-0.6702343458000001,0.4809104172,0.7780246117,0.49749353500000004,0.2563473632,0.24460098800000002,0.5382603664,exp1_1,exp2_1
SCO0681,-2.1057402384,0.189945937,-0.9220859542000001,1.4226050163,0.5819842986,0.2351811325,0.3567507206,-0.1087948338,0.3501539213,-1.6890376785,-1.0677256851,-0.49699499999999996,0.0241650701,0.5891114802,1.1193833384,0.8577226391,1.1074882567,-0.44411242100000003,exp1_1,exp2_1
SCO0888,0.4480298634,-1.9753772918,0.7803710491,0.7911050501,0.6693154231,0.6148197256,0.4331674005,-0.6600493196,-1.1013819004,0.4824547742,-1.7732836401,-0.4779691784,-1.316778893,0.3259160289,0.6852240962,0.8144447735,1.190120004,0.0698720347,exp1_1,exp2_1
SCO0999,0.3178960178,0.08169407890000001,0.5488536863,0.834351767,0.7084892773,0.5450778116,0.1672805719,-0.9176540888,-2.285989122,0.038445253900000004,0.3926527112,0.2753502416,0.4127198004,0.6893256240000001,0.5596562273,0.5689897571,-0.426297864,-2.5108417514,exp1_1,exp2_1
SCO1026,0.5448383521,-2.2340503487,-0.5100312084,1.324802512,0.2571466538,0.5618867491,0.0504348409,-0.3928234794,0.3977959285,-1.9049127862000002,-1.532713126,0.6583269291,0.6299614245,0.2107895296,0.6051090787,0.5818831954,0.6588473971000001,0.09270835790000001,exp1_1,exp2_1
SCO1086,-0.7463352346000001,-2.0545018459,-0.8960916817000001,0.852535068,0.5354037683,0.4296933351,0.45612094340000003,0.702778621,0.7203970265,-0.172390331,-2.5883770412000002,0.0278197846,0.3749173371,0.5475043045,0.3816115262,0.42970196520000004,0.49818275030000003,0.5010297043,exp1_1,exp2_1
SCO1091,1.2360685588,-1.8662211574,-0.1817747881,1.3936067084000001,-0.21812974570000002,-0.1696564689,-0.1817747881,-0.6786258754000001,0.6665075562,-0.4721232736,-2.117267427,0.8099720929,0.5484754142,-0.6853827009,0.2218161327,0.6187156224,1.1924850339,-0.1166908947,exp1_1,exp2_1
SCO1214,-1.7004949929,-1.5168587304,-0.4003011208,0.9410420142,0.5657853038,0.8261925791,0.656682183,0.058482451500000004,0.5694703125,-1.6708682945,-0.7214297646000001,-1.1888251699,-0.1814615685,0.2788097188,0.6499962408000001,1.0753127435,1.0186527022,0.7398133921000001,exp1_1,exp2_1
SCO1254,-1.7104377592,-1.0820832246,0.1641781444,1.6149159297,0.7776073932,0.1343275727,0.1253724012,-0.5731309769,0.5492505195,-2.103928651,-0.5396771306,-0.5138834782,-0.4006167651,0.3711106993,0.9527538874,0.44138799160000003,0.9678920424,0.8249614043,exp1_1,exp2_1
SCO1423,0.43816285580000003,-2.0478891695,-0.1976074583,1.2661427996,0.49096769910000004,0.7718894658000001,0.015724108900000002,-1.0255874021,0.28819710060000003,-2.0572701653,-0.4206292625,-0.5785254553,0.0013885679000000001,-0.2466310226,0.7915905192,0.6815198094,1.3791950724,0.44936193690000004,exp1_1,exp2_1
SCO1438,-0.2744107856,-0.9934906951,0.2434979588,1.6302949272,0.6073181511,0.3676248479,0.5131529249,-1.8409777314,-0.2530095978,-0.1091466685,0.015942122,-1.7958501651,-0.7227930651000001,-0.6759498287,0.0633058388,0.6177909628,1.3155816914,1.2911191124,exp1_1,exp2_1
SCO1488,-1.6750339814,-1.2065605772,-0.7296714832000001,1.3966928304000001,0.6925801092,0.4401094123,0.3307054437,0.0670138269,0.6841644193,-2.0134723082,0.6271235183,0.7899633450000001,0.6618195041,0.0666676942,0.7737718849,-0.8939484995,0.7316740888000001,-0.7435992277,exp1_1,exp2_1
SCO1489,-0.4087052235,-1.5141374062000001,0.8616848625,1.5900704092,0.16757628260000001,0.4932074683,-0.0402278292,-1.3920257116,0.2425571478,-1.8134289324,-1.0676785666,-0.1098802812,0.164863961,0.4147535896,0.45069201740000003,0.09948065310000001,0.0894044584,1.7717931007,exp1_1,exp2_1
SCO1491,-1.5362250845,-1.6238272551000001,-0.38499302,1.1290515739,0.6902654807,0.6515034583,0.4460647397,-0.0621053736,0.6902654807,-1.6558809788,-1.6726111235999999,-0.151272776,0.3547351857,0.7370032091000001,0.1697566046,0.9614396787,0.5154077075,0.7414224927,exp1_1,exp2_1
SCO1494,-1.9918981032,-0.7194407376,0.5200371715000001,1.4929311401,0.5557649161,0.195739182,0.2836843995,-0.683712993,0.3468950246,-1.5448137433,-1.6644919463,-0.23226243400000002,0.2280784382,0.2302934948,0.49375492800000004,0.3310785683,1.0532521556,1.1051105386,exp1_1,exp2_1
SCO1496,-1.5514524397,-1.2852287654,0.9424158178,1.4216184316,0.38838276580000003,0.36104087490000003,0.11208576320000001,-0.7700499794,0.3811875313,-1.6133374336,-0.5972086586,-0.8232101212,-0.3285660476,0.1018293281,0.3446104034,1.0128238703,0.148690701,1.7543679583,exp1_1,exp2_1
SCO1502,0.28732886080000003,-1.8616237351,-0.21783536890000002,1.3618051587,0.6040588143,0.4757631369,0.6000495743,-1.2642469874,0.0147005464,-1.8043929763,-1.2137644193,0.6442418581,0.5617859582,0.564229096,1.1798998152,0.46650358500000005,-0.7153643133,0.3168613964,exp1_1,exp2_1
SCO1505,-1.3556989041,-1.5585047300000001,-0.7104076399,1.2463612986000001,0.7419278989,0.6861255686000001,0.47053683,-0.1585299682,0.6381896461000001,-1.1342228037,-0.1517642667,-0.6897717750000001,0.0961026531,-0.1828573584,0.7564034954000001,0.0529973715,2.1776765719,-0.9245638880000001,exp1_1,exp2_1
SCO1515,-0.3950116173,-0.7839367689000001,0.07608082000000001,2.1412185971,0.514306343,0.1199033723,0.0706030009,-1.51796452,-0.2251992271,-1.5199429402,-1.2000671219,-0.8030801131,-0.0085248552,0.9958580896,0.6238644063000001,1.1365182011,-0.1741782923,0.9495526259,exp1_1,exp2_1
SCO1521,-0.7882655866,-1.9598940849000002,-0.8557119704,1.0134009873,0.5101782679,0.8421598693000001,0.3942674168,0.0364380995,0.8074270010000001,-2.0583225331,-0.9135592759000001,0.0483150552,0.7297849955,-0.0313668421,0.1887069694,0.434582538,0.13558570450000001,1.4662733886,exp1_1,exp2_1
SCO1523,-1.7520150748,-1.4232382676,-0.13706339780000001,0.6256987949,-0.160735328,0.1391091202,0.8571576671000001,0.9518453876,0.8992410984,-0.9847143488000001,-0.0331989309,-0.5124643852,-1.4157562054000001,-0.3727233962,-0.29157123430000004,0.9889138117,1.0615652214,1.5599494677,exp1_1,exp2_1
SCO1531,-0.3750154677,-1.4047055614000001,-0.48723035130000003,1.7191355286,0.7052503481,0.5930354645,0.3646544691,-1.2956516605,0.1805272305,-1.8371571432,0.3301010177,-0.125690073,-0.4008456982,-0.0625388488,0.3654657033,-0.40874534230000004,2.0041366348,0.1352737497,exp1_1,exp2_1
SCO1557,-0.8678614679000001,0.0683589512,0.2556030351,2.0611709862,0.2154793028,-0.8277377356000001,0.0817335287,-1.4162191419,0.4294725415,-0.39634051800000003,-1.3288264556,0.4475775495,-0.4794832906,1.0086335588,0.028583394600000003,1.3567229515,-1.4553700079,0.8185028176,exp1_1,exp2_1
SCO1570,-1.5892195256,-1.7200964277000002,-0.1391865467,1.020008872,0.49442385240000003,0.1204898464,0.4321015181,0.5235076084,0.8579708027,-0.4684185148,-1.2603937996,-0.6324749561,0.5795561316,-0.682066646,-0.4540831327,-0.1153824423,1.2242117156,1.8090516443,exp1_1,exp2_1
SCO1579,-1.4260542995,-1.6235079718,-0.4976019258,1.2878834083,0.3468276087,0.0695522392,0.2880116212,0.7165281014,0.8383612183,-0.07532096960000001,0.2307202693,-1.8006258172,-1.1307519546,-0.19512208860000002,0.2707945873,0.1358074109,1.3144141943,1.2500843681,exp1_1,exp2_1
SCO1580,-1.3090863922,-1.8361067566,-0.5547728849,0.9413654955,0.4293314922,0.34440877950000004,0.41434513110000004,0.7040814452,0.8664336902,-0.5517831584,-1.8326167488,-0.43529494,-0.8928377580000001,0.48462200440000003,0.7857735736,0.3321673775,0.7705638984000001,1.3394057514,exp1_1,exp2_1
SCO1598,-1.2922838218,-1.5255267719,-0.6506706898,1.3217533881,0.7495670875,0.7070529043,0.4788804531,-0.4037763965,0.615003847,-1.3047863716,1.7241816874,-0.6094025936,0.26162566730000003,0.49696631420000004,-0.3099268371,1.0882644728,-0.1988766652,-1.1480456741,exp1_1,exp2_1
SCO1600,-1.1314930645,-1.5469600768,-0.6279658850000001,1.4630705964000001,0.7485986405,0.7665817541000001,0.3264236414,-0.5173554643,0.5190998581,-1.7613766065,-0.6813379772,-0.7046211033,-0.6472370569,0.5774740275,0.2682032377,0.6291072351,1.0458099125,1.2739783312,exp1_1,exp2_1
SCO1639,1.5433059448000002,-1.4971745171,0.0964566216,1.1071542648000001,-0.1342005169,0.29775739700000003,0.18452571080000002,-1.4007178956000002,-0.1971070093,-0.6149253906000001,-0.17873805280000002,0.3667161198,1.2055040771,1.0635305253,0.3956094976,-2.1616744372,0.10139571160000001,-0.1774180508,exp1_1,exp2_1
SCO1655,-2.019766188,-1.0909685979,0.1808692171,1.1819425779000001,0.5605866988,0.5702953844,0.489389671,-0.3908644911,0.5185157278,-2.3175496485,-0.48227587980000003,0.0115547648,0.11131853130000001,0.2483852715,-0.16509216540000002,0.6985150487,0.8727763235,1.0223677539,exp1_1,exp2_1
SCO1658,1.4969183672000002,-1.4487210705,-0.5004672789,-1.3881942327,-0.16756967120000002,0.2762938057,0.07958158300000001,0.765552411,0.8866060865000001,-0.6961435502000001,-0.4615990005,-0.7841981405,2.1699766756,-0.2656019538,-0.46018181290000004,-0.8664422616,0.7687088048,0.595481239,exp1_1,exp2_1
SCO1776,-1.3732064633,-0.7047797476000001,-0.0117267845,1.7719171358999999,0.7886262567000001,0.43506370440000003,0.4737620932,-1.1849915723,-0.1946646225,-2.0574220761,0.40677828590000004,-0.8833411595,-0.505236109,0.0479175759,0.3659556232,0.6157797499000001,0.8794756551,1.1300924548,exp1_1,exp2_1
SCO1814,-2.3655145822,-0.0617969561,0.3646517436,0.8507436181,0.6874704271000001,0.7307117289,0.3937277913,-0.617969561,0.0179757902,-1.2438977445,-0.3174901553,0.2664621772,0.5207880252,0.5875766802,0.5812838939,-2.0031360966,0.7029444298,0.9054687902,exp1_1,exp2_1
SCO1815,-2.3214555619,-0.1264208561,0.2474322619,0.932629295,0.6825924829000001,0.6988208337,0.5251173753,-0.6583501317,0.019634300900000002,-2.2624167607,-0.6219871555,-0.4883526662,0.1485879236,0.6187693278,0.5606591462,0.8413672873,0.3727001549,0.8306727425,exp1_1,exp2_1
SCO1840,-0.8881023527,-1.0477152179,0.4256343073,2.2427653884,0.014324231500000001,-0.5688766222,0.2107708349,-0.6732388803,0.2844383111,-0.578657556,-1.4744639648,0.1167330339,-1.3639626277,0.6340751450000001,1.6748797837,0.1350942833,0.5398207316,0.316481171,exp1_1,exp2_1
SCO1849,-2.1118512088,-0.9631841391,0.520471946,0.6165830006,-0.0375320407,-0.1849645322,0.22374072900000003,0.9599700694000001,0.976766176,-1.6558694215,-0.9694183027000001,-0.8437955138000001,-0.5688538012000001,0.7228945224000001,0.8124739929,0.7700728851,0.9222201338,0.810275505,exp1_1,exp2_1
SCO1851,-2.0378844235,-1.2719585146,-0.0469928354,0.4197835602,0.2934186796,0.3114708054,0.5951470680000001,0.8195092029000001,0.9175064573,-1.678732275,0.6173558484,-0.650321452,1.7223319442,-0.8121525967000001,0.4224624268,-0.4641286296,0.3867899702,0.45639476360000003,exp1_1,exp2_1
SCO1858,-2.2599976543,-0.7283314543,0.5703295967,0.6731259860000001,0.0083760021,-0.18351059120000002,0.1934095028,0.7587896437,0.9678089685000001,-2.5208782647,-0.3433382669,0.06493169260000001,0.1246389194,0.3245649305,0.4629798712,0.6457693670000001,0.6344051517,0.6069265992,exp1_1,exp2_1
SCO1864,-0.3514852411,-2.1751158586,0.16490917130000002,1.5118680234,0.34907780800000004,0.04574123,-0.0842601605,-0.2575953479,0.7968603754,-2.1852082928,-0.9360208271,-0.2511026163,0.1209165781,0.7305113029,0.5722006039,0.8205053517,0.3400991642,0.7880987356,exp1_1,exp2_1
SCO1866,-1.8749303504000001,-1.4182720239,0.0082356232,1.1181603315,0.5321050101,0.44793414940000004,0.33047182880000003,0.0653964316,0.7908989998,-2.2901634691,-0.3238955619,-0.6000225013,-0.0347035835,0.2897517137,0.8109607659,0.6974710375000001,0.6589312199,0.791670379,exp1_1,exp2_1
SCO1867,-1.9389019856,-1.3439753542,0.06970642690000001,1.1356830989,0.5317182613,0.3788662447,0.3246370076,0.0651873238,0.7770789766,-2.0949311032,-0.4996824154,-0.7710366403000001,-0.0982218457,0.3287079898,0.4855621372,0.6793517934000001,0.9104422548000001,1.0598078292,exp1_1,exp2_1
SCO1872,0.7553848633,-1.3446641545,-1.2616113685,1.4316718351,-0.8107533873,-0.0514136294,-0.1463310992,0.34012093320000003,1.0875960073,-0.9282225607000001,-1.4551906725000001,0.7118163942,0.6022862616,0.6057819041,1.2929669653,0.8408638644,-0.7621795404,-0.9081226161,exp1_1,exp2_1
SCO1921,-0.13914330290000002,-0.3112511841,0.9590688915000001,1.0066034492,0.8148260959,0.2444114038,0.5115884004,-1.8618612378,-1.2242425158999999,-1.7555251155,-1.0783364102,-0.2923038384,-0.319778387,-0.2618523635,0.7358520694,0.9118628346000001,0.9846734894,1.0754077211,exp1_1,exp2_1
SCO1922,-0.5103055839,-0.3035995246,0.676101069,1.1605683955,0.8569688709000001,0.5641352869,0.5081523958,-1.7720738209,-1.1799470886,-0.9357548782,-0.7826159999000001,-0.6989595902,-0.4152395099,0.9061336869000001,0.062211203300000004,0.8304388101,-0.8618694407,1.8956557185,exp1_1,exp2_1
SCO1925,0.2242218396,-0.3074626038,0.6930658813,1.1269378732,0.7345951903,0.4138359217,0.3280451123,-1.8555222424000002,-1.3577169721,-0.4015102733,-0.9127464283000001,-1.5126629294,-1.0553535933,0.5155553941000001,0.26128471270000003,0.8917731668000001,0.9966222662,1.2170376845,exp1_1,exp2_1
SCO1939,-0.2588012751,-0.9085115892000001,1.5863760169,1.2030469316,0.2024930479,0.2479727699,0.22198435730000002,-1.5712161096,-0.7233441497,-1.7225317954000001,0.2342476454,0.7549386130000001,0.9553074667,0.8433957658000001,-0.1262822653,0.7602996526,-1.4605109867000001,-0.2388640961,exp1_1,exp2_1
SCO1945,-0.6583995354000001,-1.1550535202,0.3212076346,1.3065234711,0.6911292233,0.8646726846,0.6854205568,-1.5820617738,-0.4734387411,-0.1654167265,-0.7624651720000001,-1.0525868173,-0.9802952548,-0.258628992,-0.3081870507,0.4410631834,1.2249281169,1.8615887130000002,exp1_1,exp2_1
SCO1946,-1.4494420531,-0.3951115214,0.8009301032,1.367774475,0.7839247720000001,0.33611771830000003,0.42114437400000004,-1.4740053092,-0.3913325589,-2.1494332693000002,-0.8199870323,0.4917578402,1.0528542201,0.4050580315,0.17527219230000002,0.20252491820000001,-0.3555474786,0.9975005779,exp1_1,exp2_1
SCO1947,-2.3984211417,-0.7526740291,0.3420025199,0.7196178328,0.5246923003,0.5737892169000001,0.543007451,0.0715077522,0.3764780977,-0.2156131177,-0.8024724270000001,-0.9164628972000001,-0.8767503307000001,-0.5910102111000001,0.6838871604,-0.3639309752,1.5181140557,1.5642387428,exp1_1,exp2_1
SCO1998,-0.9572303343,-1.5199960453,-0.5160175588,1.5667519373,0.7513372309,0.7498744162000001,0.3233594455,-0.8080232353,0.4099441439,-0.5565002102000001,0.6096765049,-0.9958388021000001,-1.0907681753,-0.8272668854,0.5465350645,-0.1594506542,0.5056242047,1.9679889530999999,exp1_1,exp2_1
SCO2013,-0.0732232559,-2.0659793099,-0.8501936510000001,1.1000964096999999,0.43479584870000004,0.8594557813,0.2413396572,-0.4333977913,0.7871063113000001,-2.288605307,-0.5848170143,0.2942830289,0.5550948675,-0.0884233869,0.030431425300000002,0.5043307917000001,0.2799961333,1.2977094614,exp1_1,exp2_1
SCO2025,-1.9343361522,-1.0560822144,1.0125324324,1.2266521941,0.19597401920000002,-0.3375108108,-0.021774891,0.31210677130000003,0.6024386515,-1.9936244950000002,-1.0681571926,0.29129001260000004,0.2409123196,0.6565986467,1.16281472,0.6565986467,0.5395197624,-0.4859524203,exp1_1,exp2_1
SCO2037,-0.9567969935,-1.8988679102,-0.4338222641,1.4073353449,0.33989377390000003,0.2539253252,0.5512328769,-0.1580068246,0.8951066716,-1.8252599399,-0.8665797714,-0.7722190748000001,-0.1804427059,0.3423400627,0.8570347716000001,1.0484521848,0.2727337307,1.1239407421,exp1_1,exp2_1
SCO2050,-1.7452678488000002,-1.0289226339,0.6457122062,1.5660497671,0.5033919648,0.3563277154,0.313631643,-0.730050127,0.1191273131,-2.4537026003999998,-0.2753289564,0.9839675718,0.49895638750000004,0.4259417333,0.0435429513,-0.1894232969,0.46626479800000004,0.4997814118,exp1_1,exp2_1
SCO2053,-1.0825750996,-0.8911571055,0.9975004356,2.0375382031,-0.1318657292,-0.34242552270000004,0.040410465400000005,-0.8401123071000001,0.21268666,-0.5782526482,-2.2043790178,0.8169841453000001,0.8268122642,0.3387535767,0.7453385828,-0.07025285,0.6838772305,-0.5588812834,exp1_1,exp2_1
SCO2076,-1.2898965453,-1.7561773361,0.0643019215,1.534243847,0.5157014104000001,0.22138232970000002,0.5123944545,-0.2862354106,0.4842853288,-1.0669733428,-0.1919254021,-0.5174187416,-0.1112193836,1.5249616797,0.31531349470000003,0.4532516996,1.1811760226999999,-1.5871660266,exp1_1,exp2_1
SCO2082,0.48404682800000004,-0.7486828257,0.5102596263,1.2762558434,0.3653611023,0.6034606869,0.2335689775,-2.0877199391,-0.6365502996,-1.8985438443,-0.0422067181,-0.0493675831,-0.684944542,0.46427389950000003,1.2706408341,0.5621167460000001,-0.7342005852,1.1122317932,exp1_1,exp2_1
SCO2086,-0.7726100282,-0.8542328875,1.2213198209,1.730490991,0.0164109453,-0.29064647790000003,-0.0341174915,-1.3983852829,0.3817704108,-0.4643986204,0.5486991499,0.029526491300000002,0.7367773952000001,0.5542919609,-0.7763176815,0.7906281758,-2.1924174354,0.7732105642,exp1_1,exp2_1
SCO2094,-0.9188030442,-1.7367000715,-0.1893021688,1.3701920495,0.7002422660000001,0.8453980524,0.5615998803,-0.8192410624,0.1866140986,0.0148113874,-2.522101556,0.4589943151,0.22999968680000002,0.43566638,0.9211492745000001,0.5079115668,-0.2204913051,0.1740602505,exp1_1,exp2_1
SCO2115,-1.4175804737,-1.4002400396999999,0.1112677844,1.4407010522,0.6762769232,0.7774294545,0.4826420777,-0.7947698884000001,0.1242731098,-1.4711081531,0.8776665469,-0.2640749632,-0.83113464,0.8353851508,-0.12241790470000001,1.0354308039,-1.1519842822,1.0922374416,exp1_1,exp2_1
SCO2116,-1.7433773088,-0.7607957587,-0.6924705516,1.6533615597,0.36982374020000003,-0.1442421039,0.2526948137,0.0965229117,0.9684826978000001,-1.1098160654,-1.3405752606,0.5251342402,0.5491993386,0.2043154742,0.7135211455,0.863669643,1.0250386771,-1.4304871927,exp1_1,exp2_1
SCO2122,-0.0564775832,-2.1895924577,0.2650101983,1.4640727346,0.0825441601,0.45182066590000003,0.1737771792,-0.6994531462,0.5082982491,-1.1317550836999999,-0.1887062333,0.2388671235,1.7071583715,-0.6358133983,0.41358618550000004,0.9171243518000001,0.1835213336,-1.5039826506,exp1_1,exp2_1
SCO2126,-0.0133185131,-1.0585106124,0.3541230824,1.8955853853,0.1793642748,0.47174920280000004,0.1345543241,-1.6746474341000002,-0.2888997097,-1.0975914063,-0.2001665869,-1.5301876658,-0.6613932564,0.058800089400000005,0.4745875275,0.2424964942,1.2959108699,1.4175439344,exp1_1,exp2_1
SCO2140,0.6442460726,-1.3574066358999999,-0.1357406636,1.5276045448,-0.013574066400000001,0.8133998226,0.24955398920000002,-1.629932122,-0.0981509414,-1.287444805,0.8911445731000001,-0.4364399661,-0.7645663639,1.0338636277,0.398636407,0.8144755571000001,-1.4804978119,0.8308287821,exp1_1,exp2_1
SCO2155,-1.5523489697000001,-0.4033684542,-0.056612507400000005,1.5715784787,0.8771294069000001,0.6262780328,0.3207579283,-1.2971240972,-0.0862898182,-1.2799786045000001,0.2715152731,-1.1724595054,0.263646093,-0.8280741306,0.7664036605,0.17619538040000002,1.8798135589,-0.07706172530000001,exp1_1,exp2_1
SCO2164,-0.1064839721,-0.2760538759,1.2186381417,1.2415014996,0.3726939023,0.0592753721,0.3098196683,-1.9898530728,-0.8295376632,-2.528531585,-0.3708879302,0.1179976252,0.1918361788,0.48932867350000003,0.44444175690000004,0.6781252510000001,0.3413970092,0.6362930206,exp1_1,exp2_1
SCO2198,-2.6375911165,0.3735971381,0.1822134069,0.5952990842,0.37738691500000004,0.36075400550000003,0.3788607171,0.0590456592,0.3104341905,-2.0581035735,-0.618545941,-0.2853546301,-0.0725707365,-0.2459699803,0.40146623810000004,0.5079367029,1.140383827,1.2307580933,exp1_1,exp2_1
SCO2241,-2.3739261323,0.1337530007,0.7254014350000001,1.0371546485,0.3522078072,0.2498071167,0.3726879454,-0.6331143929,0.1360285716,-2.5815288231,-0.058147523400000005,0.059111107100000004,0.2666955264,0.3245919752,0.39207676,0.3233094589,0.8402856606,0.43360585830000004,exp1_1,exp2_1
SCO2300,-1.0716810885,-1.8641380887999999,0.5596380518,1.3556646782000001,0.3490301102,0.6203216959,0.4596885202,-0.66474371,0.2562198309,-2.4107818018,-0.5023321738000001,0.052454716000000005,0.4989615415,0.23749163550000002,0.0828983632,0.4020168777,0.5792809511,1.0600098907,exp1_1,exp2_1
SCO2321,-0.552257576,-1.3084777659,0.4722988104,1.4175740477,-0.3875967282,-1.2109009672,-0.2290344303,0.4174118611,1.3809827482,-1.6247464037000001,-0.1774590207,-0.8566377310000001,-0.8729804687,0.6976202989,0.1245632621,0.2389624261,1.5680302649,0.9026473721,exp1_1,exp2_1
SCO2370,0.3023630116,-1.8355611996999999,-1.3087030938,0.8287212521,0.20488926340000002,0.9801804609,0.1978911481,-0.35545982260000003,0.98567898,-1.5182567236,0.08942752970000001,0.0240608847,1.3012245638,0.8691342797,0.6318030764,0.3180431804,-1.6533477899,-0.0620890013,exp1_1,exp2_1
SCO2387,-2.3077392918,-0.0888264555,0.8978815929,0.8144756494000001,0.6350741861,0.5280627869,0.2794186535,-0.6522099984,-0.10613712310000001,-2.2672403301,-0.6642668787,0.3299875879,0.7986953742,0.47695224220000004,-0.23790788170000002,0.7431125883,-0.0889244822,0.9095917800000001,exp1_1,exp2_1
SCO2388,-2.3192960539,-0.3825350853,0.4682512803,0.7282334586,0.7735709502,0.7459434163,0.46400089040000003,-0.5858453991,0.1076765425,-2.1295884418,0.2654854164,-0.9366351062,0.7450560706,0.6377317178,0.8685692854,0.6851767861,0.33345913190000004,-0.46925486,exp1_1,exp2_1
SCO2390,-2.2520523498,-0.2225310081,0.9924352936,0.8551101316,0.5905785037,0.399768805,0.3123143597,-0.7429210957,0.06729736010000001,-2.060094987,-0.6042281303,-0.6281483965,-0.2165377266,0.2197381313,0.6942533074,1.1234110237000001,0.5430341853,0.9285725928,exp1_1,exp2_1
SCO2504,-0.6938526608000001,-1.6322302362999999,-0.8406582303,1.4701701786,0.6373657442,0.7560788899,0.5630567522000001,-0.7033678366,0.44343739930000003,-0.6850489618000001,-0.9372656812000001,-1.3892009154,-0.4306593479,-0.4718906921,0.393618799,1.0589269098,1.2956114572000001,1.1659084325,exp1_1,exp2_1
SCO2508,-0.2558770808,-1.9778872433,-0.4416418758,1.188960213,0.2100092302,0.9972981230000001,0.5314118119,-0.8544525311000001,0.6021793529,-0.1231721125,1.0432971199,0.22361603770000002,0.6825787903,0.6679154436,0.7463643486,0.0205286854,-1.4582698324,-1.8028584805999999,exp1_1,exp2_1
SCO2532,0.8469034441000001,-1.4017449910000002,0.1846302749,1.2815736895,-0.4177473881,0.5063547085,0.8879746484000001,-1.5095569023,-0.378387484,-2.3690178034000002,1.1032774417,0.31850622370000004,-0.3005743341,-0.36190139660000004,0.4446032716,0.413509375,0.6893735651,0.062223657,exp1_1,exp2_1
SCO2562,-0.1801997082,-0.5324841708,0.3245981499,2.0258743353,0.543701901,0.0152752071,0.032459815,-1.7031855863,-0.5260399429,-0.1697769948,-2.5785540335,0.2516807461,0.22699139000000002,0.38660286110000003,0.48946358700000003,0.180672767,0.7647325207,0.4481871564,exp1_1,exp2_1
SCO2571,-1.0022136944,-1.3335141929,-0.3090780892,1.956589836,0.5321503655,0.3352021429,0.06497086070000001,-0.7793110548000001,0.5352038263000001,-1.5841916521,0.3678938027,-1.2691084114,-0.28750481510000003,-0.5006796215,0.2781849839,0.8980136386,1.4534635998,0.6439284751000001,exp1_1,exp2_1
SCO2592,-0.9860340057,-1.8088237138,-1.0191955068,1.0608476337,0.6335929314000001,0.4423135483,0.5389144428,0.4014624238,0.7369222463,-0.9560690466,-1.3883120782,-1.2008588755,-0.5490083725,0.6374686818,0.8035269288,0.9319275805,0.7798595321,0.9414656496,exp1_1,exp2_1
SCO2593,-0.9906243577,-1.9644673605,-0.7373307819,1.100227582,0.5558823818,0.35765262680000004,0.5165510812,0.4662070164,0.6959018119,-1.042489509,-0.7368674197,-1.5159149055999999,0.062123902,-0.5503581698000001,0.5918046698,1.0146139869,1.1778783523,0.9992090931000001,exp1_1,exp2_1
SCO2594,-0.4998605863,-2.0876530367,-1.0234742295,0.9325429233,0.5793862395,0.4597838426,0.5365365619,0.4254099254,0.6773283598000001,-1.7559732858000001,-0.5197048723000001,0.2673774607,1.3140353895999999,1.1155660131,0.5051078348,0.5004770504,-0.5132117073,-0.9136738831000001,exp1_1,exp2_1
SCO2597,-0.9450178212,-1.8880009419000001,-0.7512293566,1.1844417141,0.6541897886,0.7713080507000001,0.26741779590000003,0.0136615613,0.6932292093,-1.8429348233,0.1152394883,-0.2857146182,0.327542634,0.0044849453,1.1875190856,0.5758197618,1.111463856,-1.1934203294,exp1_1,exp2_1
SCO2599,-0.6332378544,-1.3688037567,0.4252594196,1.9532032247000002,0.440209946,0.10830825840000001,-0.190702271,-1.147535965,0.4132989984,-1.8915661584999999,1.2115329347000001,-0.6543217523,-0.058562285000000006,0.053852552000000005,-0.2780445483,0.4050786691,-0.2725608977,1.484591486,exp1_1,exp2_1
SCO2612,-0.5855180814000001,-2.1413740146,-0.7027401038000001,0.8264744607000001,0.4321822037,0.7811841339000001,0.4961214886,-0.0287134752,0.9223833881,-0.6641895388,0.010388814000000001,-1.9609440617,-0.9091763933,0.4210942465,0.3353089473,0.8399127073,1.0938105928,0.8337946859,exp1_1,exp2_1
SCO2617,0.6862468458000001,-1.0195966615,0.10506627700000001,1.012964571,0.6234165140000001,0.8606010164000001,0.5249823276,-1.6662254926,-1.1274553977,-1.4173255459,-0.2601977179,-1.5930718079,-0.0375256246,1.0155983179,1.0478598268,0.4563236278,-0.21236946680000002,1.0007083907,exp1_1,exp2_1
SCO2620,-1.1035344541,-1.3355850056,-0.3394060479,1.4980578338,0.8366498521,0.7829656484,0.4423846936,-1.0330013120000001,0.2514687917,-0.8188365246,0.0215429997,-0.2436465335,0.5049237607,0.1263853733,-0.0314402224,0.1376260798,-1.7101030311,2.013548098,exp1_1,exp2_1
SCO2640,-2.0485649115,-1.2592509677,0.1301079638,0.9287813615,0.6157596262,0.6823157427000001,0.5689623568000001,-0.0290027521,0.4108915802,-2.0053698885,-0.6080330701000001,-0.5879336365,-0.19950039700000002,0.2706778713,0.3318560378,0.7058814754,0.6263636069,1.4660580007,exp1_1,exp2_1
SCO2677,0.019463569700000002,-0.5898307856,0.27041668220000004,1.6272390496,0.7011116296000001,0.41702813650000004,0.11238095890000001,-1.9794027244999999,-0.5784065164000001,-0.5384094292,0.28025160250000003,-1.7339859421,-0.522857144,-0.5568858907,0.8296501580000001,0.48180315420000003,1.7665995319,-0.0061660407,exp1_1,exp2_1
SCO2789,-1.9734421903000001,-0.5717592739,-0.9170013715,1.2649286855,0.4311690197,0.15324913110000002,0.3690254421,0.2913459702,0.9524845871000001,-2.5344212802,-0.237338283,2.06327e-05,0.1993534287,0.2518946733,0.40212157400000004,0.5018086047,0.6950341128,0.721526537,exp1_1,exp2_1
SCO2792,-0.9892899393000001,-1.3692890669,0.3785716893,1.2366124241,0.6882506936,0.7998162738,0.45632951790000004,-1.4463707405,0.24536914810000002,-0.3557861493,-1.3223828511,-0.4724371941,-0.9879998418,-0.663525094,0.8211321366000001,0.54723948,1.7411849883000001,0.6925745255,exp1_1,exp2_1
SCO2828,-1.37217875,-1.3697905062,0.3091448934,1.4411724601,0.5861811755,0.09659119420000001,0.3879569392,-0.9231889134000001,0.8441115072,-1.3075381477999999,-0.552329838,0.6209222956,0.8669720931,0.7921135495,0.0375073191,1.0510077083,0.23980601070000002,-1.7484609904,exp1_1,exp2_1
SCO2831,-1.5517998233,-1.3737530494,0.4957380763,1.4331019741,0.3203096373,0.2836529486,0.3045996279,-0.7060776474,0.794228256,-1.9321936038,-0.4026211785,-0.5732095552,-0.250375638,0.28200684,-0.0038479194,0.4325648395,0.7489420784,1.6987341370000002,exp1_1,exp2_1
SCO2879,-0.4496928928,-1.7160861039,0.6796165171,1.2323035886,0.481606582,0.6535053168,0.48813438210000004,-1.4049276345,0.0355402448,-1.364532959,0.2393775283,-1.4758399703,-0.6435072843,0.6935156742,0.31384381170000003,1.1593800668,-0.1625926695,1.2403558021,exp1_1,exp2_1
SCO2882,-0.4194005836,-1.372881598,0.7994823626,1.5072208474000002,0.2883379012,0.1212329812,0.7208447531000001,-1.5498162192,-0.0950204447,-0.11640805530000001,-1.0879521013,-1.4852701141,-0.843616024,0.7521813232,0.5165456404000001,1.6910988900000001,0.4056156112,0.1678048298,exp1_1,exp2_1
SCO2901,0.3996195967,-2.3404632719,-0.3001982643,0.9775786261,0.2290172326,0.7512693676000001,0.6607456642,-0.4986540756,0.12108512460000001,0.046312826700000004,-2.6358783941,0.3042284978,0.24381759860000002,0.29829940190000004,0.5642522917,0.2583109441,0.4676080288,0.4530488045,exp1_1,exp2_1
SCO2910,-0.57505915,-1.892335244,-0.07358576800000001,1.1737384231,0.8630429581,0.8521413629,0.7204137535,-0.8030841842,-0.26527215130000004,0.1223877185,-0.3932030956,-1.5501648014,-0.6783046049,-0.5267234857,0.8953439222,0.7553732717,1.7766645006,-0.40137342540000004,exp1_1,exp2_1
SCO2951,-0.9353255193000001,-1.4172147457,0.040092769800000004,1.7837402603,0.5545735380000001,0.3846319268,0.3753200577,-1.1099230651,0.3241047776,0.1624024373,0.1633239567,-0.2642610494,-2.2562174054,-0.0857627397,-0.2015055776,0.5148836115000001,0.4645686518,1.5025681148999999,exp1_1,exp2_1
SCO2968,-1.2710258631,-1.55895213,-0.6784980628,1.1535578751,0.6466297758,0.9189924608000001,0.7288944235,-0.3983535868,0.45875510740000003,-2.0701747365,0.2623407647,-0.8449234032,-0.3050943049,0.4147408534,0.6465553804,-0.1313279507,1.3098550219,0.7180283748,exp1_1,exp2_1
SCO2969,-0.9690765103000001,-1.8277991783,-0.6283378004,1.1853700411,0.5161164315,0.8262956159,0.8171277582,-0.3471901653,0.42749380740000004,-2.5154754704,0.5267491108,-0.1808836569,0.24879785040000002,-0.23687145550000002,0.5953258818,0.2991537403,0.6665529628,0.5966510368,exp1_1,exp2_1
SCO2972,-0.0404718761,-1.7665671878,-0.0350353554,1.4994226028,0.3917315169,0.8212166496000001,0.3930906471,-1.2827168485,0.0193298513,-0.9038418382000001,0.4800819126,-0.7331012912,-0.28235638760000004,0.0854899877,0.24266762560000002,0.8588293175,-1.5321721215,1.7844027951,exp1_1,exp2_1
SCO3058,-0.7761747093,-1.0943840682000001,0.4014504773,1.7895448462,0.7447156913,0.37639462230000004,0.2486097616,-1.4150990126,-0.2750576086,-0.016680215800000002,0.6189837279,-1.3322322178000001,-1.6480791824,1.0383280463,-0.4783098045,0.49637490910000004,0.0696445173,1.2519702199,exp1_1,exp2_1
SCO3060,-0.4258065328,-1.7284647761,-0.1642423941,1.630569426,0.6789577898,0.6084043051,0.4139520177,-1.0676711626,0.054301327,0.6771461717,-2.4400539519,-0.5796197351,0.4711557542,0.3330342012,0.4415682946,0.1861485904,0.0848360807,0.8257845941,exp1_1,exp2_1
SCO3092,0.0828885194,-1.8022729171,-0.4494792522,1.7976013631,0.6448007137,0.400491064,0.27379094330000003,-0.7988988674,-0.14892156680000002,-2.2711963847,0.5728439237,0.111840011,0.6245658158,0.45883110530000004,-0.7306702962,-0.23744869940000002,0.3980719231,1.0731626014,exp1_1,exp2_1
SCO3122,-0.9629368515000001,-1.7641050352,-0.5856734253,1.4323021470000001,0.7185126599,0.737405351,0.3689978738,-0.4014696867,0.4569669669,-0.7664015182,-0.0923766077,-0.6753805313,-0.9811778985,-0.4343613779,-0.623861824,0.8287907699,0.6818772802,2.0628917075,exp1_1,exp2_1
SCO3123,-1.0103801487,-1.8085460158000002,-0.7211446819,1.2282049192,0.6794105189,0.7954590523,0.42162331880000004,-0.1931681483,0.6085411855,-1.3847959202,-0.0529401249,-1.1433779119,-0.2470845794,-0.5075444745000001,0.31771434120000003,0.1707606496,1.0562083857,1.7910596345,exp1_1,exp2_1
SCO3182,0.0486726004,-2.0123442091,-1.2710768074,0.7277601728,0.2987892166,0.5768518234000001,0.7836521541,-0.027480224100000002,0.8751752734,-0.1550198463,0.4392688091,-0.8062788116,-1.1943277138,-0.7180600542000001,-0.7113455117,0.6789779739,0.4648357207,2.0019494339,exp1_1,exp2_1
SCO3226,-0.7768854615,-2.0086041655,-0.3366115418,1.2357953144,-0.0168888144,0.4338678177,0.41290239300000003,-0.10599186960000001,1.1624163277,-1.7964064409,-0.4732279069,0.6730938399,0.9566142545,0.7999910827000001,0.4287916677,0.7090647119,0.0623384093,-1.3602596181,exp1_1,exp2_1
SCO3261,0.3234874115,-0.6314474272,-0.3907727931,1.5695609206,0.3351329583,0.6844993627,0.2536141306,-2.0560859875,-0.0879885759,0.591817836,-0.6843982056,-1.3945099559,-0.7493495746000001,-0.3326508453,-0.071800575,0.1073816199,2.0848286617,0.4486810389,exp1_1,exp2_1
SCO3304,-0.0084755691,-1.6773358043000002,-0.1294074702,2.0492272403,0.24641166860000002,0.2073413621,0.0101293387,-0.9070926188,0.2092018528,0.3774978664,-1.7870961000999999,-0.5826731052,0.5088729183,0.6478474276,0.8824749883,-0.8364813324,-0.5684070579,1.357964395,exp1_1,exp2_1
SCO3311,-0.6513019578,-2.1032570887,0.14898827180000002,1.5274473611000001,0.4789038358,0.5899645207,0.3106795631,-0.3475183197,0.0460938137,-0.9659545435,-1.5635556056,-1.3493536348,0.4038558414,0.6205654138000001,0.9444419611,0.9361272820000001,0.4136222899,0.5602509957,exp1_1,exp2_1
SCO3317,0.1688665242,-2.2974698984,-0.1062659105,1.4373502421,0.6029187385,0.254691418,0.0793458216,-0.3625086557,0.2230717203,-2.3451145374999998,-0.7367393427000001,0.1296148903,0.2286103495,0.274103239,0.7532705781,0.8388642194,0.1330700464,0.7243205575,exp1_1,exp2_1
SCO3318,0.2466265112,-2.1346486159999998,-0.14664661240000001,1.5460823662,0.6322632635000001,0.1791718977,0.07862634190000001,-0.6761016915,0.27462653940000004,0.370562918,0.065522361,-0.5881672809,1.8372557685,0.3655227364,0.5533242862000001,-0.0273922914,-0.8542012149,-1.722427283,exp1_1,exp2_1
SCO3323,1.7016720115,-0.6398299895,0.007960942700000001,0.8559244434000001,0.3204074242,0.0463704392,0.1748945238,-1.8593315049,-0.6080682904,0.9103263763,-0.7503063219,-1.0427675554,-1.7692943608,0.9199812176000001,0.25460174010000003,1.197557904,0.1950635523,0.08483744780000001,exp1_1,exp2_1
SCO3337,-2.2135978981,-0.8774488995,0.4498220328,1.2444089788000001,0.2278703719,0.12133357460000001,0.3432852355,0.0813822757,0.6229443283,-0.3279968614,1.0472620441,-0.9168622280000001,-0.08480579590000001,-0.0800535491,0.8699825758,0.2466117649,-1.9326033307000001,1.1784653802,exp1_1,exp2_1
SCO3345,-2.2064586211,-0.9450632981,-0.1520103622,0.9585715305,0.5312668115,0.5522986164,0.591797372,0.0752357248,0.5943622262,-1.8865433714000002,-0.9077590209,-0.4316291473,-0.1974570963,0.1042069978,0.2429227259,0.8094412605,1.3540191225,0.9127985292,exp1_1,exp2_1
SCO3381,-0.5741432875,-0.9415423178000001,-0.4141469356,2.4183810721,0.2376900536,-0.117857395,0.3443542882,-0.7222880578,-0.23044742040000002,-0.9272691703,-1.4095508503,0.0849007878,-0.6351313513,-0.1760172739,-0.4372178675,1.6953317052,0.996065649,0.8088883713,exp1_1,exp2_1
SCO3421,-0.5277791565000001,-2.0819271729,-0.1196344545,1.4604033377,0.46364696660000004,0.6029948779000001,0.3090697754,-0.5826045642000001,0.47583039050000003,-0.1211390559,-0.2483245185,-1.2029537123,-1.9232494914,1.0768931625,0.648512276,0.2713852326,0.7345681114,0.7643079957000001,exp1_1,exp2_1
SCO3580,-0.7316477428,-1.8076753896,-0.48963725420000004,1.5184371158999999,0.6445954468,0.7142883407,0.3842044148,-0.6412767376,0.4087118061,-2.5210519711,0.3256224083,-0.1526910312,-0.1315288479,0.5953200063,0.6542374486,0.3268248051,0.7682246634000001,0.13504251850000001,exp1_1,exp2_1
SCO3615,-1.4704220082,-1.5730773159,-0.07006632110000001,1.1480683942,0.7015646089,0.7845625173,0.5761316797,-0.5942636372,0.49750208230000004,-1.6777875382,-0.5791447190000001,-0.7837725381,-0.512960922,0.034718209800000004,0.531815184,0.9135010829,0.4436453924,1.6299858483,exp1_1,exp2_1
SCO3671,0.1600969012,0.008126585700000001,0.5956597623000001,1.0955396482,0.7267128152,0.4368593203,0.2783434669,-1.9451473097,-1.3561911901,-0.9085502349000001,-1.4107294206,-1.1435461669,1.1278222273,-0.0657758433,0.2381781236,0.47384732230000004,0.17610812380000002,1.5126458687,exp1_1,exp2_1
SCO3677,-0.45342157200000005,-1.9865319551,-1.1233263758,0.8894563018,0.5355829246,0.7841124930000001,0.6511542877000001,0.0180686792,0.6849052167,-0.8835065787,-1.8674312222,0.8748870023,0.6609060188,0.6356937579,0.9783219189000001,-0.7748999164,-0.3107357284,0.6867647479,exp1_1,exp2_1
SCO3768,0.0050952984,-1.0267026304,1.2247978907000001,1.2365419322,0.41893295010000003,0.3870562661,0.1829336406,-1.7660180027,-0.662637345,-0.9026240360000001,0.3115589789,-1.0536793106,-0.35904032810000003,1.5522932772,1.1260375379,0.886717186,-1.0691077591,-0.4921555463,exp1_1,exp2_1
SCO3792,-1.167145541,-1.6900126594,-0.4569742925,1.2270652577,0.6957100367,0.8122799787,0.666850488,-0.5311037216,0.4433304536,-1.4487129833,-0.40156223420000003,-0.8056946553000001,-0.4384880392,-0.2107081694,0.0954506121,0.1633601385,1.2246587056,1.8216966251,exp1_1,exp2_1
SCO3795,-0.835706695,-1.0746878913,-0.16868726,1.7726257459,0.631736062,0.5826303367,0.34528599790000003,-1.4429808309,0.18978453450000002,-0.9621716418,0.1363143707,0.0094699041,-2.0243324085,-0.3245107537,0.3951464415,0.6831033656000001,1.204441177,0.8825395451,exp1_1,exp2_1
SCO3817,-1.9091575449,-0.9118609616000001,1.4967663712000001,0.6522681113000001,0.1462263524,0.356529421,0.5093277443,-0.6128362859,0.2727367921,-0.5423214181,-0.008020153,-0.6988138244000001,-1.4132702612,0.6173529318000001,-0.956916929,0.2204547833,1.3347920702,1.4467428005,exp1_1,exp2_1
SCO3820,-0.25682848950000003,-1.6641808342000002,0.9228639172,1.5143440435,0.2191877448,0.5143831669,0.1974021048,-1.28075357,-0.1664180834,0.2047983069,0.3280526851,0.1467686441,-1.8417248962000001,-0.3545388205,0.4015673522,0.4004724529,-1.0091321868,1.7237364623,exp1_1,exp2_1
SCO3843,-0.20282814600000001,-1.8829717437,-0.5282613654,1.2684327341000001,0.2754830043,0.9021311569,0.6417845814,-0.9823542296000001,0.5085840079,-2.0258535997,-1.3596261271,0.1688385996,0.4476766615,0.8158595144,0.80419839,0.46379645100000005,0.1748406489,0.5102694613000001,exp1_1,exp2_1
SCO3844,0.2925166467,-0.8783383946000001,0.5195915637,1.4491795056,0.2144596439,0.6260329311,0.058345638400000004,-2.0704817093,-0.2113058256,-0.1097832484,-2.364412936,-0.2502479455,0.1454513842,0.8772381967,0.6768190556,-0.3581659446,0.7172454807,0.6658559573,exp1_1,exp2_1
SCO3858,0.4772616571,-2.1398845704,-0.5425534108,1.1520835236,0.3717417585,0.8077221779,0.5827815557,-0.66260599,-0.0465467018,-0.8022234339000001,-1.3060842726,-1.3580449216,-0.6167396627,0.7062099519,0.8790972022,0.7169169947,1.0557634088,0.7251047334,exp1_1,exp2_1
SCO3859,-0.8815148276,-1.6020182735000001,-0.7196039409,1.5552440174000002,0.24376583500000001,0.29233910100000005,0.7780717611,-0.5091197882,0.8428361158000001,-0.9475889595,-0.7165559312,0.42698838720000004,-0.720567882,0.8298435838,-0.6549932380000001,0.6199770545000001,-0.7803321144,1.9432290996,exp1_1,exp2_1
SCO3876,-1.6036072027000001,-1.6373515675,0.1325403662,1.2865976423,0.4041825028,0.4598607047,0.3653764833,-0.1458506434,0.7382517143,-0.2235239612,-0.5124151294,-1.7091133127,0.1438078552,1.3567681241,-0.3287492211,1.6351367663,-0.3507508664,-0.0111602548,exp1_1,exp2_1
SCO3877,-1.5407577529,-1.7292860339,-0.3522476687,0.8206241249,0.5864841631000001,0.7932571164000001,0.6095072021,0.12037622440000001,0.6920426246,-1.6041365257,-0.993004835,-0.8473476674,-0.23430829420000002,0.3373231477,0.205665003,0.8593828995,0.8364626557,1.4399636165,exp1_1,exp2_1
SCO3883,-0.4973914703,-1.127291057,-0.1732326186,1.7910595136,0.5680965733000001,0.6684753086,0.3166892821,-1.540777774,-0.0056277578,-0.1933106969,-0.4902813123,-0.8678334279000001,0.46037199100000004,-1.1523000174,0.6496690499000001,-1.0623404977,1.7472446577,0.9087802535,exp1_1,exp2_1
SCO3885,-0.22785738630000002,-1.7128589725999999,-0.15714302500000002,2.0350021739,-0.0510714831,0.17285732750000002,-0.1335715713,-0.5932149194,0.6678578563,-1.7180090398,-1.5766869932,-0.0415803794,0.637358404,0.4841771647,0.34812587040000004,0.37052656770000003,1.2688604166,0.22722798900000002,exp1_1,exp2_1
SCO3887,0.4940324862,-1.4169596137,-0.6974825083,1.4476251575,0.37792639250000004,0.6501095302000001,0.3969601783,-1.5368724645,0.2846608418,-1.1385320084,-0.026788801600000002,-1.1990569149,-0.9768940643,-0.097174909,-0.10239134130000001,1.3693571538,0.9150987937,1.2563820921,exp1_1,exp2_1
SCO3890,0.7815255531,-1.7996262185,0.5731322798,0.9524445975,0.6019234557,0.5877563692000001,0.3441738808,-0.9697091475,-1.0716207702,-1.1388639022,-1.5165541184,-0.6622099687,-0.2010969045,0.0257257824,1.1222316587,0.0793451451,1.2730319116,1.018390396,exp1_1,exp2_1
SCO3895,-0.1179258772,-1.9078854297,-0.20942009220000002,1.7718455463,0.3911146647,0.2580321701,0.3461993228,-0.8498795975000001,0.3179192927,-2.4049349219,-0.3447996849,0.6453731272000001,0.7110285801,0.34184692640000003,0.9686350445,0.2931915462,-0.0272695929,-0.1830710247,exp1_1,exp2_1
SCO3896,-0.43539595130000003,-2.117747445,-0.13769589270000002,1.6669664778,0.5223212914,0.3353933476,0.15077315630000002,-0.2369292456,0.2523142615,-0.7338788966,-0.5359146704000001,0.9397344638,1.3570336494,0.2942670824,0.7086456011000001,-0.2591636742,0.1696044715,-1.9403280271,exp1_1,exp2_1
SCO3899,-0.9973584883000001,-1.2273044234000001,-0.2736906841,1.9120214236000002,0.4200694398,0.44213248260000004,0.6583503021,-0.9801983439,0.0459782917,-1.4410459663,-1.2097775135,-0.7160495010000001,-0.17983381850000002,-0.008946131500000001,0.4434261163,0.4690251623,1.2725653476,1.3706363047,exp1_1,exp2_1
SCO3903,0.8691620748000001,-1.3715724574000001,0.1380248304,1.4843584617,0.1380248304,0.5095088025,0.3012884869,-1.5963557527,-0.4724392766,0.3507949993,-1.0210628241,0.17671000550000002,0.28862893770000003,0.3349781914,0.5214763762,0.26680574700000004,1.2500506056,-2.1683820386,exp1_1,exp2_1
SCO3906,-1.1917889191,-1.6615327905,-0.8125267655,1.1842017968,0.6943743666000001,0.7607558137,0.5041090721,-0.1292629525,0.6516703783000001,-1.4288374389,-0.5714139587,-1.2249050928,-0.6117466146,0.47303732270000004,0.6382253593,0.9941284301000001,0.3005882734,1.4309237194,exp1_1,exp2_1
SCO3908,-1.2735133547,-1.6590788230000002,-0.7078550888,1.1577394134,0.7186328431,0.7627868687,0.4474506381,-0.1307237296,0.6845612327,-0.8506081678,-0.047572742300000005,-1.4181495952,-1.1235813166,-0.1203893783,0.188367436,0.9893504318,0.9329532334,1.4496300989,exp1_1,exp2_1
SCO3909,-1.3887567003,-1.5823749179000002,-0.714738996,1.1588315745,0.7098636167,0.7239449416,0.470355367,-0.0563113301,0.6791864445,-1.2248901732,-0.9402984624,-1.2255909309,-0.3500362496,-0.21134228870000002,1.0549268472,0.8160525677,1.0109753252,1.0702033647,exp1_1,exp2_1
SCO3928,-2.5040076449,-0.2249955878,0.1700580149,-0.0507620414,0.1840339678,0.6893423102,0.8744460423,0.4675905238,0.3942944151,-0.8305287943,-1.1909052403,-1.037798345,-0.0369683684,-0.5025170431,0.49848231390000003,0.2212586384,1.1951962116,1.6837806271,exp1_1,exp2_1
SCO3941,-0.7336074267,-2.1311870237,-0.5643937535,0.97210818,0.440442997,0.7861820453,0.5083373721000001,-0.0421293302,0.7642469395,-1.4860441059,0.4930382434,0.14174520570000002,-0.8892406531,-0.8766098922000001,-0.2944107568,0.4665925877,0.6410549727,1.8038743985,exp1_1,exp2_1
SCO3961,-0.4371854007,-1.8256932404000001,-0.0633130546,1.6067251662,0.5110089229,0.7159630403,0.3263249929,-0.9923633123000001,0.15853288570000001,-0.2600036781,-0.4038421801,-1.5028813605,0.028346097,-1.0137766322,0.2728311841,0.5013043144,2.0041408235,0.3738814319,exp1_1,exp2_1
SCO3962,-0.0190272146,-2.1210587435,-0.18170989910000002,1.5564261513000002,0.40480398980000004,0.5674866744,0.0922819906,-0.6526334595000001,0.3534305105,-1.231854142,-1.1480667196,-1.1142294913,0.6917117203,-0.6335797202,0.8041802219,1.0760059557,0.6590023997000001,0.8968297755,exp1_1,exp2_1
SCO4009,0.017353216,-1.8813065045,0.6336647446,1.6029546941000001,0.2757838456,0.3920426112,-0.2095614831,-1.0751990392,0.24426791520000002,-1.6473661089,-1.7315084942999999,0.40894210610000004,0.7086206824,0.564300515,0.787389187,0.6757964377,0.4301471491,-0.1963214741,exp1_1,exp2_1
SCO4033,-0.9780512773000001,-2.0864657187,-0.35899002010000003,0.4192584176,0.2070088437,0.8437575654,0.3367169166,0.484112454,1.1326528187,-1.2065800665,0.5924674429,-1.9658264008000002,-0.2591871624,0.5874724013,-0.0077700648,0.6748856305,0.4717539358,1.1127842839,exp1_1,exp2_1
SCO4068,-0.6886214381,-1.2836145228,0.4198174557,1.7426954816,0.7641281748000001,0.042283772500000004,-0.2083985931,-1.3228780259000001,0.5345876954000001,-1.9760561242999999,-0.1064694744,-0.46959154670000003,-0.5906971908,0.4515128459,0.5945402679,0.6413067275000001,-0.13443192,1.589886415,exp1_1,exp2_1
SCO4077,-1.2284386693,-1.5221030656,-0.6617696836,1.2728736505,0.9496952446,0.7563784813000001,0.2974356308,-0.45369591540000004,0.5896243266,-1.4427460524,0.7468895032,-0.5932082832000001,-0.9549445733,0.0513701086,0.1112303844,0.0368418082,0.024704240800000003,2.0198628637,exp1_1,exp2_1
SCO4078,-1.4833652345,-1.2440630124,-0.35260098,1.3441579502,0.9545771994000001,0.6140003167,0.38000684690000003,-0.7642334713000001,0.551520385,-0.6183674115000001,-0.7989366520000001,-1.0024610399,-1.023086915,-0.553046514,0.9636135788,0.6022050372000001,0.7803099751,1.6497699411,exp1_1,exp2_1
SCO4079,-1.7035214779,-1.2211870284,-0.099668005,1.2904466975,0.9052292939000001,0.5659291545,0.30606994600000004,-0.6120721675,0.5687735868,-2.3326484723,-0.3427836575,-0.2636263585,-0.1878662589,0.4060944547,0.43293999240000003,0.5663119951,0.5595559107,1.1620223941,exp1_1,exp2_1
SCO4086,-0.12267821250000001,-1.1626481917,0.5118946998,1.5224454434,0.5498455138,0.5489629367000001,0.5239565864,-1.6115857273,-0.7601930484,-1.1188220991,-0.2555562596,-0.3940842417,-1.1063901007,-0.4950130091,0.5802898761,-0.2528706014,1.3996322091,1.6428142265,exp1_1,exp2_1
SCO4164,-1.0458579103,-1.9265102145,-0.529085624,1.047011664,0.6612003781,0.8144507079000001,0.6777607233,-0.1761264824,0.47715675770000004,-1.2464434337,-1.4170714416,0.0803106868,-0.3286458854,-0.3058809936,0.7652571559,-0.2174297529,1.2061512337,1.4637524308,exp1_1,exp2_1
SCO4165,-0.9433637428,-1.9555482150999999,-0.6766327315,1.0090143691,0.6656479552,0.856407074,0.6235150715000001,-0.0688575911,0.48981781080000003,-1.5139233396,-0.8625738454,-0.6609265912,-0.3353367363,-0.47393738890000003,0.6058912973,1.4264026335,0.6404141222,1.1739898483,exp1_1,exp2_1
SCO4231,-1.9083111292,-0.8996122814,-0.316878881,1.4487399813000001,0.5176333526,0.5683058222,0.4527092509,-0.4530611431,0.5904750276,-1.9057253975,0.0725211863,0.059714730300000005,0.4689950283,0.5836391238,0.7286327655,0.7612629136,-1.4782880010000001,0.7092476507000001,exp1_1,exp2_1
SCO4232,0.1963469254,-0.9377451778,0.161526781,1.9140246488,0.061592966500000006,0.4080534034,-0.0104847324,-1.7950171331,0.0017023182,-2.4941705236000002,-0.307672192,-0.0248289763,0.6162616014,0.6286884177000001,0.4749065658,0.5934938987,-0.0590027211,0.5723239294,exp1_1,exp2_1
SCO4240,-1.4174175478,-1.1256972293,-0.2882883148,1.8395540088,0.7018447664,0.3758044104,0.1681681836,-0.6572287177,0.40326044040000003,-1.911340712,-1.3312344336,-0.0713961666,0.6832380907000001,0.4770738659,1.0054561021,0.4470641622,0.8079938781,-0.10685478670000001,exp1_1,exp2_1
SCO4253,-0.5789593131,-0.013635131100000001,0.8864290938,1.0648261029,0.6949307131,0.5525624756,0.3584438206,-1.9480526392000002,-1.0165451226,-1.5609909338999999,-0.42017107260000003,-0.8258958317,-0.36481377070000004,-0.3565353888,1.1470204768,-0.0823262438,1.4405178315,1.0231949332,exp1_1,exp2_1
SCO4293,-1.2454469572,-1.5814648787999999,-1.0261432252,0.8528065466,0.678850366,0.8100609039000001,0.7896173357,0.0722339411,0.6494859679,-1.1841015472,-0.47911439850000004,-0.7571950094000001,-0.7250925389,-0.5100301236,0.013928056000000001,0.7158377122,1.1339140592,1.7918537902,exp1_1,exp2_1
SCO4296,-0.41979153550000003,-1.6854739031000001,0.2586593332,0.7882499459000001,1.0522177669,1.1276495877000001,0.5761088378,-1.1162946501,-0.5813253828,0.215017012,-1.9457160073000002,1.0145729034,-0.9829120022000001,0.2549678647,-0.3139853924,1.2611096927,0.6325380628,-0.1355921337,exp1_1,exp2_1
SCO4325,-0.9658666656,-1.8205641484,-0.42712370250000004,0.86099857,-0.38661671280000004,0.5369426524,0.6017538359,0.18858254100000002,1.41189363,-1.3969244737,0.4805878872,-0.9060456253,-0.5077854275,0.14054512700000002,0.1842082052,1.3736963042,-0.8240119633,1.4557299662,exp1_1,exp2_1
SCO4326,-0.1372924118,-1.6908644406,0.787624889,1.9654492643,0.0433554985,-0.1661960775,-0.0072259164,-0.7803989726,-0.0144518328,-2.0272648695,-1.1324661214,-0.015918040300000002,0.1802993867,0.4417650182,1.061622962,0.6933015751,0.8753346097,-0.0766745206,exp1_1,exp2_1
SCO4340,1.5156632297,-1.4663275601999999,-0.1169488991,1.3301391242,0.20462621720000002,0.2565729667,0.0809434801,-1.0185960521,-0.7860725065,-0.33450909030000003,-1.076023198,0.009853416200000001,1.2464502965,0.46559104560000003,1.0664986858,0.9303324225,-0.7713758517,-1.5368177267,exp1_1,exp2_1
SCO4366,-2.1696885898,-1.0587353233,0.09683454030000001,0.8824584533000001,0.5478339754,0.6668115676,0.6419006342,-0.0771701882,0.4697549306,-1.0389044553,-0.5428175123,-0.3330754439,-0.6327848977,-0.5530649884000001,0.1257621183,-0.3125804916,1.2619266813,2.0255389896,exp1_1,exp2_1
SCO4441,1.9730685909,-1.0849370866,-0.40723281370000003,0.4852576182,0.205741384,0.5146803797,0.1537611721,-1.4223180851000001,-0.4180211595,0.48551916910000004,-0.4307606154,-1.1821640964,-0.9461116839,-1.0226935734,-0.3996773778,1.2058394126,1.0990752489,1.1909735163,exp1_1,exp2_1
SCO4475,0.1843396907,-1.3465648802999999,0.059650630600000004,2.0823842719,0.43718139580000004,-0.1481644695,-0.17933673460000002,-1.2426573302000001,0.1531674257,-0.5295534026000001,-1.3649697898,0.6514619988,0.5377301987,-1.8225222215999999,0.293753046,0.5636437734,0.9403221404000001,0.7301342567,exp1_1,exp2_1
SCO4505,-0.8784613764,-1.9005642386,-0.8962251962000001,1.0918423029,0.3900575503,0.6968250537,0.4078213701,0.2095725863,0.8791319479,-0.8157226941,-0.1974757909,0.011656223200000001,-2.1007440296,0.5957174912000001,-0.026671252000000003,0.9456720676,0.3623526217,1.2252153629,exp1_1,exp2_1
SCO4546,0.3007246964,-1.9885574400000001,-1.2703874795,0.9542778225,0.44103553700000003,0.7419653663,0.4502665134,-0.2697496424,0.6404246263000001,-2.0178682618,-0.7285446332000001,0.7041949497000001,1.0104329775,0.7477403880000001,0.49025431820000004,0.5446861161000001,0.1257979328,-0.8766937873,exp1_1,exp2_1
SCO4550,0.1818743079,-0.7907578603000001,0.5199232931000001,1.7535055551,0.3459565639,0.2728114618,0.15419778280000002,-1.8543271823,-0.5831839219,-1.9059691176,-0.7470780328000001,0.25654043860000003,-0.2360320672,1.1370555971,0.5656523798,0.1111415709,-0.5199818823,1.3386711135,exp1_1,exp2_1
SCO4614,-1.0361359017,-1.7653386757,-0.7624787944,1.171804374,0.60525723,0.8519882365,0.5981135706,-0.2492343401,0.5860243008,-2.1547613933,-0.8508212184,-0.193632929,0.5745108127,-0.062109826900000005,0.2958405183,0.4268753677,0.8044168571,1.1596818118,exp1_1,exp2_1
SCO4637,-0.9019015834,-1.6980898411,0.0495183473,1.5918201295,0.2898770666,0.6520843033,0.5268974703,-0.9069090567,0.3967031641,0.3082631025,-0.8966980487,-1.5190932185000001,0.0821085269,-0.9349887705000001,1.4147623977000001,0.7508286324,1.115445193,-0.3206278147,exp1_1,exp2_1
SCO4645,-1.4005786237,-1.5549050144,-0.7479725963,1.224780298,0.6841853605,0.6954996121,0.5846199472,-0.0028159915,0.5171870082,-1.6594134353,-0.651568052,-0.8711390693000001,-0.27900840590000003,-0.2656227417,0.6776870201,0.5291186394,1.2707305608000001,1.2492154839,exp1_1,exp2_1
SCO4647,-1.1874709824,-1.7727961568000001,-0.481333114,1.1819371583,0.5571629410000001,0.7637773033,0.5635734104,-0.3304405248,0.705589965,-1.2110955243000001,0.5068498414,-0.8571866144,-0.8982921818,0.7024187688,-0.5820800850000001,0.1508021052,0.2326790485,1.9559046416,exp1_1,exp2_1
SCO4648,-1.0468998885,-1.2773176812,-0.557262079,1.5912466845000002,0.8399886729,0.718950755,0.45355883300000005,-0.969751074,0.24748577730000001,-1.4118208774,-0.4020752734,-1.0926116876,-0.6993023322,-0.24390309810000002,1.4339560446,0.8971843609,0.9697419209,0.5488309424,exp1_1,exp2_1
SCO4649,-1.298734723,-1.2566987461,-0.424856371,1.5591895197999999,0.8518885173,0.6375311444,0.4161242599,-0.8337280469,0.3492844457,-1.729890986,-0.982777973,-0.40996080500000004,0.2754487752,-0.17260972060000002,1.4199929444000001,-0.1755313672,1.1567395002,0.6185896320000001,exp1_1,exp2_1
SCO4652,-1.4697938806,-1.5135593844000002,-0.7201276292000001,1.1623029135,0.7026366538000001,0.6910743387,0.42548367880000004,-0.0039492681,0.7259325775000001,-2.233466354,0.7383032319,0.1005603038,1.0470617833,0.4416298208,-0.17546765920000001,0.595799285,-0.8259671243000001,0.3115467127,exp1_1,exp2_1
SCO4654,-0.6121903835,-0.5229778331,-0.048519106400000005,1.6281849424,1.0658552074,0.5046434242,0.2457257967,-1.7185154446,-0.5422066033,-2.0352738913,0.6768497280000001,-0.7662968652000001,-0.5819110926000001,-0.1534998585,0.6534688024,0.5188730854,0.43795627610000004,1.2498338157,exp1_1,exp2_1
SCO4655,-0.5858291966,-0.6978361381,-0.0573018511,1.721132941,0.9852109804,0.5300854019,0.0964263778,-1.6885868746,-0.3033016408,-1.1148448215,-0.47837623300000004,-1.0148048041,-1.1580055884,0.1690286299,0.6978343456,0.29239538190000003,1.5851665914000002,1.0216064982,exp1_1,exp2_1
SCO4659,-1.4677516913,-1.0167927777,-0.5552645146,1.4926270291,0.9446222697000001,0.7662244609000001,0.3764396613,-0.774338305,0.2342338675,-1.1982964111,0.0055311418,-1.0133458895,-0.4765129522,-0.2961434376,0.4229524973,-0.09183052650000001,2.1984897207,0.4491558572,exp1_1,exp2_1
SCO4661,-1.4490967236,-0.9732910645,-0.4987319296,1.4964402055,0.9797192192,0.7057771723,0.40433826570000003,-0.8902872108000001,0.2251320659,-1.4846132698,-0.8721516653,-0.7190005994,0.0990976638,-0.3385546244,1.0654317372,-0.2312490168,1.4929811647,0.9880586100000001,exp1_1,exp2_1
SCO4662,-0.6004126271,-1.3890322756,-0.3657265155,1.5190738449999999,0.7999730652,0.7872079626,0.42469103480000003,-1.3420471092000001,0.1662726197,-0.791542735,-1.0625469542000001,-0.5270212649,-0.9504664871,-0.23400823280000002,1.2798582922000001,0.3198571297,0.16565686770000002,1.8002133845000001,exp1_1,exp2_1
SCO4701,-1.7082457884000002,-0.8716335714000001,-0.6771066049000001,1.3266674112,0.9047047808,0.8118291239000001,0.404126929,-0.5666796427,0.3763373624,-1.4293084104,1.0336743714,-0.7532111447000001,-0.4381345768,-0.7003717664,1.8823705954,0.29835054980000003,0.072912213,0.0337181686,exp1_1,exp2_1
SCO4702,-1.6651333801,-0.6053761607,-0.5137322847,1.4664606231000001,0.9659879923,0.7136104648,0.3527448599,-0.9159946560000001,0.2014325414,-0.8179926248,0.0654274598,-0.6206646012,-1.6123835632999999,-0.160394372,1.3596363899,0.48820387070000004,1.4816406770000001,-0.1834732362,exp1_1,exp2_1
SCO4703,-1.8483718358,-0.5707865229,-0.0174374701,1.3725226504,0.8931859710000001,0.6242614313,0.4545367219,-0.9865733111,0.07866236530000001,-1.8829143236,-0.31077742210000003,-0.27713451440000003,0.2215833622,0.1190298394,1.1676945657,1.6138931871,-0.4629351185,-0.1884395758,exp1_1,exp2_1
SCO4704,-1.637386716,-0.4573705911,-0.38739289060000004,1.4155619793,1.0697898125,0.6883427395,0.3377681815,-1.1036352362,0.07432272100000001,-1.7260857514999999,-0.5366975067,-0.8338503904000001,0.7174029427,-0.2089258983,1.1816711089,1.2935582244,0.5053202407,-0.39239296970000004,exp1_1,exp2_1
SCO4705,-1.7008755134,-0.3838746739,-0.4379979961,1.4426204021,1.0463842287,0.6484775823000001,0.3427810404,-1.0243339863,0.0668189163,-1.4523959803,0.2828857414,-1.0386518452,-0.63860609,-0.3395178136,0.6910164731,0.0733885001,1.8406191446,0.5812618696,exp1_1,exp2_1
SCO4706,-1.6704779591,-0.4175379182,-0.5467473599,1.3913942659,1.0253008477,0.7570933702,0.4086194213,-1.0028958435,0.055251175400000005,-1.388779241,-0.0867062468,-1.7704366285000002,-0.2212626653,0.2035308828,0.49705204100000006,1.0306623233,0.7610169412000001,0.9749225932000001,exp1_1,exp2_1
SCO4707,-1.7367370494,-0.4411291104,-0.4746362122,1.4318319685,0.9661691682,0.6637460949,0.5082387759,-0.9385806997,0.0210970641,-1.1076507793,-0.1411361477,-0.9335630135,-1.1492373095,0.7147126579,1.3326547504000001,1.0149495403,0.9117276038000001,-0.6424573024,exp1_1,exp2_1
SCO4708,-1.6023691134,-0.4836150799,-0.4746530983,1.4900124184,1.0155252827,0.6570460197,0.4071063112,-1.0591734523,0.0501207118,-1.097359738,-1.2333343313,-0.9059966896,0.2125714209,0.0564154575,0.9050780644,0.0373256,1.8884379626,0.1368622536,exp1_1,exp2_1
SCO4711,-1.4925971693,-0.6003333802,-0.5069888607,1.4825306034,0.9361906218,0.7943435579,0.3569055156,-1.1375219383,0.1674710496,-2.2581815054,-0.5780167739000001,0.7295037492,-0.1965205466,0.1742329394,0.9978144546000001,0.8484473803,0.4653182563,-0.1825979539,exp1_1,exp2_1
SCO4712,-1.5724046678999999,-0.8462783172,-0.6376962416,1.4494281525,0.8966856521000001,0.8034755371000001,0.3993477656,-0.7817482375,0.2891903569,-1.931975003,-0.5416666807,-0.436112384,-0.0686909654,0.0978126354,1.3169615073,0.5783744554,1.2721611642,-0.2868647293,exp1_1,exp2_1
SCO4713,-1.6136042378000002,-0.87061851,-0.5520796728,1.4552852761000001,0.9110808176,0.6943766469,0.4385679643,-0.7810040034,0.317995719,0.5058379694,-0.8564922770000001,-0.1626108712,0.6619218990000001,-0.4203125285,1.9063170639,0.2537629858,-0.2779576829,-1.6104665585,exp1_1,exp2_1
SCO4714,-1.7357508996000002,-0.7550092299000001,-0.4582160797,1.4129050407000001,0.9120179131,0.6958496738000001,0.39905652350000004,-0.7943479546000001,0.32349501280000004,-0.7930331484,-0.1677447449,-0.45508938470000004,-1.0667549471,-0.1329091943,2.0307385328,1.2600749543,-0.4799997226,-0.19528234500000002,exp1_1,exp2_1
SCO4717,-1.3303860181,-1.0731922071,-0.5746036334,1.6016234276999999,0.8838689851,0.6792161954,0.35662167240000003,-0.8485150422000001,0.3053666201,-1.2964044623,-0.9645170810000001,-1.1672835319,0.18798705910000002,0.45361676710000004,1.3743022471000002,0.341767425,1.3120712830999999,-0.2415397062,exp1_1,exp2_1
SCO4718,-1.3360178386000001,-1.1625387948,-0.6718602518,1.5725460130000002,0.8671322013,0.7257789063000001,0.3176128129,-0.6617152785,0.3490622302,-1.8135915689000002,-0.44101187820000004,-0.2691374827,0.26398447140000003,0.09114388620000001,1.4747274030000002,0.7115986453,0.9089160339000001,-0.92662951,exp1_1,exp2_1
SCO4719,-1.3814176337,-1.213070621,-0.6951631581000001,1.4900975412,0.8210434442000001,0.7504812611,0.3831786881,-0.5876269328,0.43247741100000003,-1.3895523406999999,-1.1484157596,0.0139335716,-0.7196572087,-0.4971929919,0.8751937019,0.6356826646,1.5202565143,0.7097518486000001,exp1_1,exp2_1
SCO4721,-1.3394351736,-1.2002842744,-0.727222946,1.4968636383,0.8342156759,0.7773138212,0.3182193117,-0.6191094221,0.4594393692,-1.8519106253,-0.6661171064,-0.5723360150000001,-0.2397550507,0.42511381200000004,0.17454245840000002,0.4242834586,1.740979751,0.5651993173000001,exp1_1,exp2_1
SCO4722,-0.7888399871,-1.1355936946,-0.2571509689,1.6722222244,0.6808622656000001,0.711092076,0.4745882652,-1.4236660054999999,0.0664858248,-0.7167575415,-0.1369913273,-0.8573933573,1.2468782645,0.7628804334,0.4470531996,-0.5575823709000001,1.3320057162,-1.5200930168,exp1_1,exp2_1
SCO4723,-0.9249816338,-1.7349566701999999,-0.7256368649,1.3045034054,0.7163268070000001,0.8307857540000001,0.5071243297,-0.4583834384,0.48521831120000003,-1.3608128659,-0.5554128546,-0.2234328046,-0.5060521488,-0.6962015694,-0.201813076,0.9183753938,0.7132484504000001,1.912101475,exp1_1,exp2_1
SCO4725,-0.7599468408000001,-1.7794466137,-0.7364059935,1.2410251824,0.8311729943,0.8891196954,0.09235255490000001,-0.4629699975,0.6850990185,-1.5347007159000001,0.4856835231,-1.0215573131,-0.6147685401,0.8542695243,0.15836594810000001,1.029011832,1.3134102437,-0.6697145019,exp1_1,exp2_1
SCO4727,-1.4445499781,-1.4142172654,-0.6600456469,1.3004514078,0.7413693226,0.6865958630000001,0.5366780673,-0.3449345887,0.5986528184000001,-2.0849823178,-0.5882731096,-0.7380765587,-0.015518466500000001,0.23056561,0.5249643796,0.7001342051,0.9800246164,0.9911616414000001,exp1_1,exp2_1
SCO4729,-1.5071370601,-1.209986407,-0.43422317990000003,1.4099489144000001,0.8677255578,0.6765328089,0.47074381810000004,-0.6928109223000001,0.4192064701,-0.8887849566,-0.9674311313,0.7209918722,-0.1555386537,0.6335086151,1.0388181209,-1.2571639476,-0.6312746899,1.5068747710000001,exp1_1,exp2_1
SCO4734,-1.3950888487,-1.5170424389,-0.4679028027,1.3454793326,0.7851703373000001,0.7641672190000001,0.42066460640000003,-0.3821965295,0.4467491243,-1.0504968123,-0.7905818029,-0.1896435541,0.3168360055,0.1369120327,0.9973742733000001,1.0567530945,1.1562391534,-1.6333923901,exp1_1,exp2_1
SCO4739,-2.4874293748,-0.50025142,0.5736275757,0.784388874,0.290605261,0.1781992352,0.2785617582,0.3086705151,0.5736275757,-2.266947559,-0.2681269348,-0.5309270687000001,-0.2993763707,0.40365971850000004,0.5769797604,0.782540074,0.687496058,0.9147023223,exp1_1,exp2_1
SCO4761,-0.3391592311,-2.0615851046,-0.0426075491,0.4167060172,1.0218221976,1.2286310751,0.6714483874,-0.6121563712,-0.2830994214,0.2803618744,-0.9740388992000001,-1.1431167539,-0.9830580321000001,-0.33924020180000003,1.0864623224,0.9488278831,-0.40564820100000004,1.5294500082,exp1_1,exp2_1
SCO4762,-0.6158358667,-0.7582395936,0.43172744290000004,0.8219702386000001,1.1080036846,1.0280312605,0.6040265216,-1.536839043,-1.082844645,-0.8336464278,-1.6207762018,-1.0430731797,-0.1353831458,0.1991366058,1.2949353488,0.9735180486,0.2445702417,0.9207187103000001,exp1_1,exp2_1
SCO4775,-0.2764548667,-1.9084682514,-0.0483429041,1.6514875506000002,0.40083509170000003,0.5364692316,0.276650587,-0.9590292721,0.3268528335,-0.225916301,-2.5848455187,0.1056951706,0.3674816989,0.511806345,0.5732623288,0.4484348501,0.4585140875,0.3455673388,exp1_1,exp2_1
SCO4785,-1.1501275241,-1.3262914231,0.0931441305,1.8082110547,0.46774552480000003,0.44749680080000004,0.3644770323,-1.0002869664,0.2956313706,-1.9371546816,-1.3292068307,0.0258130976,1.0227703423,0.4261895607,0.0669847315,0.46714364300000005,0.2830678243,0.9743923129000001,exp1_1,exp2_1
SCO4809,-1.3249748721,-1.094232166,-0.054394647000000004,1.5046714738,0.8957223781,0.6074665349,0.6799330876,-1.0594942312,-0.1546975581,-1.0082815382,-0.9155096115,-0.5682365841,-0.0347175506,-0.3359995756,0.09819410590000001,-0.2318469237,0.7380600185,2.2583376592,exp1_1,exp2_1
SCO4814,-1.7995110004,-1.2802299826999999,-0.1963054677,1.3328875981000001,0.7252691199,0.2979068111,0.27641932080000003,-0.1306492471,0.774212848,-1.4689362267,-0.23481152830000002,-1.2506601488,-0.49154879290000003,-0.1715268356,0.4396437429,0.5481962642,1.2978051576,1.3318383675,exp1_1,exp2_1
SCO4824,-0.9926755241,-1.9919434407,-0.4743052924,1.0854894712,0.5796100884000001,0.7739989253,0.5928816154000001,-0.1511045756,0.5780487323,-0.8518081671000001,-0.2883699852,-1.3124450103,-1.1793990735,0.2000878489,0.4098308553,0.3734767473,0.9906382221000001,1.6579885626,exp1_1,exp2_1
SCO4837,-2.4021577379,-0.5790321966,0.35214517500000003,1.0933706216,0.25303982280000004,0.2158753158,0.4388623582,0.1208993533,0.5069972878,-2.0185706173,-0.6839768745,-0.5439645367,-0.0335829392,0.0234857641,0.5597990776,0.36899275460000003,1.1870816077,1.1407357636,exp1_1,exp2_1
SCO4919,-0.29827122300000003,-1.8246928131,-0.2841019087,1.8554645563,0.49005790200000005,0.3805677457,0.13968940200000002,-0.7529774013,0.2942637402,-1.9721900132,0.4103180494,-1.0078629854,0.623265668,-0.4044946975,0.8151690514000001,-0.1757137971,1.1830423257,0.5284663987,exp1_1,exp2_1
SCO4920,2.0888413545,-1.206391167,-0.4336129037,0.0654084484,0.33014350470000003,0.4460179542,0.2988489453,-1.2001886417,-0.3890674948,1.8661483073,-1.1312122518,-0.9838248314,-0.060238397900000004,-1.0613136297,0.4677618552,0.243161643,0.8974348266000001,-0.23791752130000002,exp1_1,exp2_1
SCO4921,-2.2942489822,0.1581080677,0.9452844047000001,1.0058364306,0.4305921843,0.4305921843,0.0067280029,-0.6593442823,-0.023548010100000002,-1.4736739824,-1.5860177461,-0.1783186344,0.2527104671,0.3346624455,-0.1551845888,0.5030772891,0.8541452505,1.4485994995,exp1_1,exp2_1
SCO4961,1.0419652007,-1.2703411351,-0.36308205200000004,1.138311298,0.022302337300000002,0.6405231285,0.6726384943,-1.7279850974,-0.1543321744,-0.1150701932,0.3783691802,-0.4194070522,0.7698704794,0.4300768989,-0.5169130362000001,0.0489171435,-2.0843955965,1.5085521761,exp1_1,exp2_1
SCO5044,-0.9239909565000001,-2.1637666885,0.28096728530000004,1.036711633,0.5308339802,0.7103829987,0.4605163038,-0.3594014573,0.42774690120000003,0.195109582,-0.5716606149,-1.0475745771,-0.8288944426,-0.7739330148,0.0424638546,-0.2105111349,1.3721628028000001,1.8228375449,exp1_1,exp2_1
SCO5048,-0.1212433482,-2.0893535537,-1.0973625227000001,0.8667797186,0.2517452794,0.9342351087,0.27555306420000003,0.19619378170000001,0.783452472,-1.8708821283,-0.7919375264,-1.0082190133,-0.08264171840000001,0.7536019189000001,0.6994196003,0.6716567593,0.7300930617,0.8989090463,exp1_1,exp2_1
SCO5058,0.6003306276,-1.318259274,0.1168721052,1.6848456911,0.0711395423,0.4130448937,0.41957811700000003,-1.5948323926999999,-0.3927193102,-1.4799163793,-0.5454275898000001,-0.6193536339,-0.96656757,-0.2605341038,0.7243515804,1.1233932377,0.6302349823,1.3938194764,exp1_1,exp2_1
SCO5061,-1.1081416265,-1.0570570835,-0.1611127897,1.8429731307,0.6896413314000001,0.5285285417,0.3202607892,-1.1670853301,0.1119930367,-2.0275708723,-0.6504090001,-0.2614185202,-0.28154590960000003,0.24134906800000003,0.5991577373,0.6931724606,0.1375313675,1.5497336689,exp1_1,exp2_1
SCO5111,-0.4771479316,-0.5944793902000001,0.29723969510000003,1.7492164952,0.5573244283000001,0.37057185670000004,0.25226263600000004,-1.9252136831,-0.2297741064,-2.2884209193,0.1130811179,-0.43738321010000003,-0.059628318400000005,0.0676876363,-0.1203352636,0.7127900813,0.9621807754,1.0500281005,exp1_1,exp2_1
SCO5178,-0.9418405272,-1.5610160359,0.5156674012,1.1935345043,0.7935159068000001,0.8278567333,0.6488681829,-1.0207203651,-0.4558658003,-1.7938574714,-1.1612963760000001,-0.7256675250000001,0.338901234,0.1152174672,0.9266199581000001,0.5807965561,1.0885775671,0.6307085899,exp1_1,exp2_1
SCO5231,0.3591934779,-2.0521135583,-0.1619314859,1.16296249,0.005888417700000001,0.09421468270000001,1.0304730924,-0.965700498,0.5270133815,-2.2535297327,-0.4229151592,-0.6207640827,0.1038627199,0.2177384978,0.7445163769,0.7215773713,0.9607984299000001,0.5487155789,exp1_1,exp2_1
SCO5281,-1.4072246371000001,-0.9981671167,-0.27203460690000003,1.5567800506,0.9793957301,0.6838695263,0.5599947926000001,-0.8491726556,-0.25344108330000004,0.022918908,0.5565585071,-1.4619286709,-0.351987588,-1.2177028565,0.3373924269,-0.1027578715,0.2833068432,1.9342003016,exp1_1,exp2_1
SCO5289,-1.3082376272,-1.4109769725,0.9520279696,1.4898369915,0.4760722271,0.2779320611,0.37857468510000003,-0.8511523766,-0.0040769581,-0.5447574615,-2.0701130262,-0.8567812943,-0.069782679,0.4272546713,0.7767246487,0.5816378994,0.9595483332,0.7962689085,exp1_1,exp2_1
SCO5293,-1.4392882281000001,-1.6236053414,-0.0693158375,1.219131676,0.6803585755,0.6768140156,0.7760616920000001,-0.46630654320000003,0.24614999110000002,-2.2834744024,-0.133862013,-0.6187279977,0.0075323216,0.2424588259,0.4686166892,0.4851575346,0.6058924198,1.2264066221,exp1_1,exp2_1
SCO5354,-1.4025472857999999,-1.7247070933000002,0.49389141870000003,1.3038559548,0.5212815238,0.6191033277,0.3412894046,-0.4830223294,0.3308550789,-0.2087729795,-0.5728456901,-1.8202863115999999,0.0129876214,0.4003983263,1.1687645462,0.9744136748000001,0.9812661071000001,-0.9359252946000001,exp1_1,exp2_1
SCO5355,-1.0475721615,-1.6184770738,-0.0701303539,1.38836185,0.7396560764,0.8590968354,0.5402228824,-0.8755336371,0.084375582,-1.7493707034,-0.2866615462,-1.1945802186,-0.4554628717,0.37748640640000003,0.4222813971,0.7139861505,0.9577568702,1.2145645158,exp1_1,exp2_1
SCO5357,-0.8674071946,-0.7104765221,0.8232026989000001,1.6409387437,0.24807299100000002,0.283700495,0.2760660299,-1.7742119995,0.0801147577,-1.5294937162,0.3595872858,-0.5174351828,-0.7283932529,0.2930013972,-0.6017244625,0.8972800802,-0.0379169644,1.8650948155,exp1_1,exp2_1
SCO5359,-0.8223546239,-1.9574023904,-0.485453742,1.3637813831,0.6145223238,0.7420557807,0.48592608810000004,-0.3100952387,0.3690204193,-0.5942704004,-0.8586639669,-1.2520315615,-0.8616633629,-0.3324933282,0.4740251111,0.6674542446,1.2881377658,1.4695054984,exp1_1,exp2_1
SCO5371,-1.7442058749,-0.6219362535,-0.1409229702,1.403547324,0.9199769707000001,0.5699424963,0.43839544960000004,-1.0748217665,0.2500246245,-2.4525619075,0.8438490066000001,0.1427544876,0.17333563940000002,0.48093658710000003,-0.28668852440000003,0.5318247497,-0.1992276366,0.765777598,exp1_1,exp2_1
SCO5388,-0.3298858244,-2.0577166254,-0.7290046351,1.2211201871,0.5811828534,0.7512714605,0.6317042218000001,-0.441032835,0.37236119710000004,-1.0754029234,0.3413364672,-1.3357880716000001,-1.0399492197,-0.48889066000000003,0.5498324199,0.6444538940000001,1.1187352279,1.2856728657,exp1_1,exp2_1
SCO5389,-2.3966042047,-0.6625111811000001,0.5227106577,0.8021450769,0.6451819148,0.5542032667,0.2782680263,-0.0546538399,0.3112602833,-2.1577815234,-1.2363089867000001,0.22807236930000002,0.38374897950000003,0.49762683550000003,0.704364424,0.6246855487,0.5910803003,0.3645120528,exp1_1,exp2_1
SCO5396,1.0733012566,-1.6873876467,0.4840135092,0.6161262785,0.26370556700000003,0.6938820228,0.4141773315,-1.6139516660000002,-0.2438666528,-0.2120945145,-0.3920946851,-0.8185652696,-1.0027159295999999,0.12128652270000001,-0.7775596829,1.1248623699,-0.1000937148,2.0569749038,exp1_1,exp2_1
SCO5397,0.03666429,-2.1274401711,0.9325909183000001,1.2638313970000001,0.1224713474,0.44172407550000004,-0.25798200250000003,-0.7734552809,0.3615954263,-0.20728317840000002,0.4254357561,0.4835622793,0.5013390904,0.7071799665,0.8234851443000001,0.642354557,-1.7112483182,-1.6648252968000001,exp1_1,exp2_1
SCO5491,1.5637982240000001,-1.7828318515000001,0.2457761052,0.7500628290000001,-0.17255265420000002,0.5609553076,0.40050044090000003,-0.8888690231,-0.6768393779,0.47227733980000003,0.9938592660000001,-0.64674396,0.8428880716,-0.5736134143,0.5171472679,-0.1551579526,-2.1373675923,0.6867109739,exp1_1,exp2_1
SCO5499,-0.6660466969000001,-0.4781763362,0.5541422438,1.7491526826000001,0.5909415928,0.2403793733,0.34303018900000004,-1.7642167436,-0.5692063048,-1.1552652095,-0.5780261533000001,-0.8773841889,-1.0544166166,-0.0152768374,0.538295643,1.0828522849,0.3712450364,1.6879760414,exp1_1,exp2_1
SCO5501,-0.2472232862,-0.4896991257,0.28045541300000004,1.4276759048,0.7835660756,0.5603173952,0.4235909306,-1.9712585505,-0.7674247569,-1.6117055674,-0.5084959545000001,-0.8478757188,-0.5818055896000001,0.43030993780000004,0.5449253931,1.0420704426,-0.053476285000000005,1.5860533418,exp1_1,exp2_1
SCO5512,-1.990668506,-1.1355733109,0.072857852,1.0453624909,0.6366447098,0.6277836197000001,0.7828526965,-0.3635508356,0.3242912837,-0.7467568207,-0.3267556171,-1.5153439233000001,-0.8173799971,-0.2695738654,0.8630208815,0.18337491890000002,1.1369487013,1.4924657218,exp1_1,exp2_1
SCO5513,-1.7944499538,-1.1127646926,0.057040879200000005,1.0753608374,0.7218944056000001,0.5619929246,0.8565482844000001,-0.7929617305000001,0.42733904580000004,-1.6031122559000002,-1.0111883351,-0.1779499092,0.0043886295,-0.6374484372,1.3268840988,0.4944572687,0.2197320669,1.3842368736,exp1_1,exp2_1
SCO5514,-1.8820117071,-1.2849878416,-0.2377492579,0.8327341075,0.661456769,0.870048099,0.7562710099000001,-0.2114459524,0.4956847736,-1.4292562986,0.413575006,-0.7553531376,-1.0398827382,-0.5179086944,0.3079740502,0.3097151412,1.3638069765,1.3473296948,exp1_1,exp2_1
SCO5515,-0.6628454907,-1.7532473091,0.1151827223,1.3799325997,0.8162072092,0.6898048664,0.6607468566,-0.9505197879,-0.2952616664,-0.5580283420000001,-1.0972387244,-1.2077668584,-0.7989168520000001,-0.3274934967,0.7719109409,0.7322280339,1.0693393031,1.4159659955000001,exp1_1,exp2_1
SCO5522,-2.1538809364000002,-0.9232628513000001,-0.2421365872,0.9355466507,0.6099739178,0.6961687133000001,0.6230905171000001,-0.1090967942,0.5635973703,-1.3225710459,-1.0783040871,-0.3532257105,-0.7904264559,-0.18174331230000002,0.6340100827,0.46626022600000006,0.9679009419000001,1.6580993611000001,exp1_1,exp2_1
SCO5529,-1.3271663212,-1.640991616,-0.6535900787000001,0.8466479159,-0.1484078969,0.4868969682,0.7854137120000001,0.5404768966,1.11072042,-0.1517487277,-0.1279318032,-1.6843466766000001,0.2775196265,-1.5456729863,0.7172166933,0.8288321025000001,0.7115795514000001,0.9745522201000001,exp1_1,exp2_1
SCO5535,-1.9681518833,0.3805226043,1.0466357644,0.5139835594000001,0.7749473914,0.7040462590000001,0.1958221753,-1.0786107849,-0.5691950855,-1.8580116079,-0.519993161,-0.0201874772,0.3354442863,0.7354213309000001,1.145045855,0.7853977588000001,0.5684329851000001,-1.1715499699,exp1_1,exp2_1
SCO5544,-1.9830780931,-1.0375855038,0.5646391811,1.3452286455,0.4688657505,0.3356470688,0.31260383740000003,-0.467985627,0.4616647406,-2.5064520516,-0.3291809213,0.048793531300000005,0.786581225,0.5015331744,0.39855818330000004,0.6925485563,0.2908815587,0.11673674390000001,exp1_1,exp2_1
SCO5547,-1.4825670595,-0.5361376227,0.1387751724,1.81183486,0.6171616364,0.446494033,0.2758264297,-1.2472526367,-0.0241348126,-1.3711974835,-0.5381007822,-0.43173702610000003,-0.6169700237,-0.15846994890000002,-0.5305494719,0.7653715588000001,1.1100211083,1.7716320693,exp1_1,exp2_1
SCO5553,-1.9521499219,-1.2238901107,-0.28151280360000003,0.9856202191000001,0.6621661296,0.6992624739000001,0.6016405153000001,-0.0784591297,0.587322628,-1.9436686061000001,-0.7128698933000001,-0.5095067078000001,-0.330005376,0.3299576045,0.4406680068,0.3329242133,1.0097839659,1.3827167927000001,exp1_1,exp2_1
SCO5554,-2.1151330833,-1.0550106910000001,-0.128903771,0.9632223162,0.6051809799,0.6671881387,0.5951798253,-0.0768977668,0.5451740521,-1.9342423203,-0.8175733477,-0.5895434928000001,-0.0769176012,-0.006517745,0.5138254486,0.7944396859,0.8326978002000001,1.2838315725,exp1_1,exp2_1
SCO5560,0.9478825265,-1.7627821745,-0.7681431108,1.0571835225,-0.3036138778,0.2811464508,0.1335901062,-0.7954683598000001,1.2102049169,0.8574991156,-0.1950580143,0.1764623903,0.13260584320000002,0.2505648319,1.5768473074,0.2170422988,-1.3784286381,-1.6375351347,exp1_1,exp2_1
SCO5572,-0.9948233814,-1.7323537099,-0.4463501231,1.4699822009,0.7154159606,0.7183245309,0.3609858929,-0.5390088629,0.4478274921,-0.9466868562,-1.1427236706000001,-0.4962317459,0.1381543198,0.46735558380000003,-0.3021474894,0.8502521904,-0.6020603847,2.0340880526,exp1_1,exp2_1
SCO5586,-1.0707969942,-0.8661928911000001,0.6859210469,1.8879701522999999,0.3422500925,0.43496132670000004,0.0385408771,-1.3201582448,-0.1324953653,-1.9208742048,0.33053099610000003,-0.1439155306,0.1969769123,-0.0475566001,0.4594640934,1.4503247942,-1.1037171421,0.7787666816000001,exp1_1,exp2_1
SCO5591,-1.0017170646,-1.6851740431,-0.7846584407,1.3471673302,0.7477106508,0.7273469419,0.4547509302,-0.3567891489,0.5513628443,-1.5564129503,-0.048007394200000005,-1.2091862414,-0.7312976754,-0.1053646537,0.6055676803000001,1.2544117111,0.7846562875,1.0056332362,exp1_1,exp2_1
SCO5592,-1.3338044982000001,-1.7215077103,-0.3507962149,1.2954595661,0.7157920375,0.6262805866000001,0.4186787276,-0.2219212946,0.5718188002,-0.8418705562000001,1.4648842222,-1.5329975779,-0.0839977058,0.043813455800000005,1.3792034065,-0.3310992847,-0.6693254881,0.5713895281,exp1_1,exp2_1
SCO5595,-1.3590538554,-1.5863717639,-0.7572551387,1.1944557098,0.664754091,0.7084364503,0.4760293349,-0.0231370425,0.6821422146,-1.1801831894,-1.3434000815,-0.4843668373,-0.31401100530000003,-0.21783681900000001,1.1379284694,0.6103377818,1.6539183795999999,0.13761330160000002,exp1_1,exp2_1
SCO5598,1.1523277776,-1.5587754643,-0.37361019830000003,1.2759709733,0.015413514900000001,0.6155353671,0.4255470421,-1.3718028269,-0.1806061856,-0.3996268422,-1.4410274909,-0.6092083838,-1.4246242784,0.6442139539,1.1144845671,0.8472884361,0.3313328426,0.9371671956000001,exp1_1,exp2_1
SCO5624,-1.3068349958,-1.1970053661,-0.4884925981,1.4220557287,0.8645840779,0.709076691,0.5982320001,-0.9369466682,0.3353311305,-1.8910278402,-0.242591156,-0.3800999592,-0.8643259854,0.08177515960000001,1.3084570945,0.6143027073,1.1527206845,0.2207892948,exp1_1,exp2_1
SCO5625,-1.3684617791,-1.2173958644,-0.7073792984,1.341254883,0.8407081207,0.7816345839000001,0.5624762717,-0.7015170390000001,0.4686801216,-0.7229005249,-0.6684639273,-0.6684639273,-0.6026713507,0.26942577500000003,-0.8624168379,0.3472653028,0.7279309365000001,2.1802945537,exp1_1,exp2_1
SCO5626,-0.160555942,-1.3811460013,-0.2754994005,1.4796689658,0.5382273057,0.7735877207,0.6714157576,-1.5672449341,-0.0784534717,-0.3112406193,-0.0266802569,-1.5673736026,-1.0817441323,-0.6014995082,0.4906309292,0.4883828867,1.1828189135,1.4267053899,exp1_1,exp2_1
SCO5703,-0.9068929773000001,-2.0999558272,-0.49799458220000004,0.6968383905000001,0.29679061,0.9163336329,0.4437108126,0.22421557020000002,0.9269543705000001,-0.26086462120000004,0.8986900360000001,-2.2839326786,0.5957196454,0.7632135285,-0.6383829312,0.7345412518000001,0.1467595793,0.0442561901,exp1_1,exp2_1
SCO5704,-0.4715004205,-1.8576486502,-0.5964637837,1.5877697902999999,0.4420972763,0.6741720935000001,0.43684671480000004,-0.6489693984,0.43369637790000004,-0.4813508762,0.1713877275,-2.2353949401,-0.00096174,1.1734076746,-0.1358882065,1.1240194963,0.12479990980000001,0.2599809545,exp1_1,exp2_1
SCO5706,-1.3081794889,-1.310417557,-0.2060170366,1.5885692496,0.8396772365,0.6570164489,0.11746988130000001,-0.8149437148,0.4368249811,-1.8432572538,-0.6260147274,-0.5635863049000001,-0.32742701150000003,-0.3833947532,0.7245468325000001,1.0103248989,0.8103696220000001,1.1984386975,exp1_1,exp2_1
SCO5724,0.4304270134,-0.7796641497,0.3404458757,1.673097554,-0.1327307971,0.44749240160000003,0.1449696108,-2.0099234988,-0.11411401,-1.9652240783,-1.4658020891,0.3034792935,0.3385518766,0.42116085340000003,0.8144955251,0.3657983461,0.8205825023000001,0.3669577704,exp1_1,exp2_1
SCO5729,-0.0894251513,-0.9252901479000001,0.0363630013,1.7080929945,0.35764010100000004,0.5460500611,0.5003089147,-1.8618945741,-0.2718451994,-1.7120303775,-0.0278031034,0.8497876048,-0.032449920800000004,-1.0715334452,-0.7737339871000001,0.7602249747000001,0.9533119052000001,1.0542263493,exp1_1,exp2_1
SCO5734,-0.47168367250000004,-1.8222959773,-0.8496470646000001,1.6339885279000002,0.5625143246000001,0.4324810475,0.1611449426,-0.3095755204,0.6630733922000001,-0.580885799,0.2236320604,0.9013535216,0.38964978570000003,0.9718173274,0.9162537807000001,-0.33286858340000003,-0.3345028054,-2.154449288,exp1_1,exp2_1
SCO5743,-0.6822002012,-1.5296207636,-0.4183805921,1.6242227447,0.4090536363,0.8047830499,0.700854113,-1.0299624131,0.1212504264,-0.9842597724000001,-0.1245042164,-1.0081992557,-0.4354744592,-0.4487201632,-0.1460132954,0.1366427362,0.7853176702,2.2252107561,exp1_1,exp2_1
SCO5752,0.3018228605,-1.5800411396,0.7190937328,1.592322843,0.042064834100000004,0.3460369927,0.2299748958,-1.4667424259000001,-0.18453259330000002,-0.251495067,0.058315714500000004,0.06437558310000001,-0.021030689800000002,0.950631364,0.5662084505,0.8148524334,-2.4437472137,0.2618894249,exp1_1,exp2_1
SCO5777,-1.4814290749,-1.2801133685,-0.7021651366,1.3802051799,0.611481331,0.6989640725,0.5953198606,-0.4288254865,0.6065626226,-1.6850316305000002,-0.6502248121,-0.560202726,-0.1720064353,-0.0554862216,0.6067114399,0.1483219415,1.9578348647000001,0.4100835794,exp1_1,exp2_1
SCO5805,-0.0105325373,-2.3673600185,0.2357516526,1.2338818225,0.4832170616,0.3990551981,0.4380354296,-0.4780000104,0.0659514018,-1.0237292068,-1.4332625604,-1.3642650199,-0.0590317537,0.6614863107,0.7925944537,0.8640810051000001,0.7969856355,0.7651411357,exp1_1,exp2_1
SCO5808,1.7864595892000001,-1.8022944446,-0.31237851,0.9054658192,0.0115162584,0.0892510028,0.3224552361,-0.3771574636,-0.6233174876,-1.0703274544,0.9690153260000001,-1.2438337702,-0.966326636,-0.1837462204,0.7424788899,1.6164461633,-0.2689548117,0.4052485135,exp1_1,exp2_1
SCO5822,-0.6034184202,-1.2537346451,-0.4549087054,1.7977491794,0.5096228108,0.40957416090000004,0.2188564218,-1.3006324498000001,0.6768916475,-2.6214841402999998,0.0326282569,0.5419484711,0.4964995938,0.29079296260000004,0.1458844634,0.30210527470000004,0.5791016528,0.23252346510000002,exp1_1,exp2_1
SCO5836,-0.19132322300000001,-1.4066751059,0.0686965935,2.1161118892,0.40961146400000004,0.1303309204,-0.0487938421,-1.1447292167,0.0667705208,-0.8844605266000001,-0.3068349764,-1.1684177561,-1.0247796511,-0.4476458016,0.2388300199,1.1838790155,0.9340335312,1.4753961452,exp1_1,exp2_1
SCO5841,-2.5240211926000002,-0.4858875915,0.2948294562,0.6353291032,0.3069901579,0.4407578764,0.40427577130000003,0.3629293856,0.5647970335,-2.5399806052000002,-0.1187349365,0.7813885650000001,0.7680297087,0.1463725078,0.23282876800000002,0.4495809155,0.0484389203,0.2320761564,exp1_1,exp2_1
SCO5843,0.3519156553,-1.6518489941999999,0.238799909,1.6689061306,-0.2783006458,0.7478207675,0.2226405166,-1.2721032744,-0.027830064600000003,-1.2852410623,-1.0943326224,-1.0504634102,-0.7417479439,0.9043302831000001,0.8250395049,0.8915751737000001,0.7973964647,0.7534436124,exp1_1,exp2_1
SCO5869,-0.5067350325000001,-2.3293479839,0.1930764815,1.1068327058,0.1849106529,0.6511794679,0.0330262403,-0.0984436008,0.7655010688,0.2307332557,1.0852957946,-0.7392815454,-0.5109974329,0.5647586925,-0.6842528971,0.5417915535,-1.7869838501,1.2989364293,exp1_1,exp2_1
SCO5901,-0.7411693239,-1.4991834052000002,1.1430371067,1.7169620540000001,0.1070845289,-0.528203463,-0.44157328230000004,-0.344114329,0.5871601138,-1.188873832,-1.686081695,0.6926270745,0.8952165589000001,0.5690505001,1.0893340197999999,0.5637127147000001,-0.1534666517,-0.7815186892,exp1_1,exp2_1
SCO5976,-1.3189881363,-1.7456189785,-0.5448950619,1.337558551,0.37873872010000004,0.26438406140000004,0.5326776838,0.4271195373,0.6690236231000001,-1.2818770642000001,-1.1996544732,-0.5312331744000001,-0.7130901992,-0.089165832,0.4645307692,0.7907126244,1.3091986101,1.2505787393,exp1_1,exp2_1
SCO6009,-1.6941741022999999,-1.5186035172999999,-0.5562469934000001,0.8524198025,0.6062928143,0.5923456183,0.5619899564,0.3716517522,0.7843246691,-1.3415595707999999,0.3984499789,0.2039477834,-0.5131102238,-0.9948914867,-0.536789853,1.4362171183,-0.1886022205,1.5363384742,exp1_1,exp2_1
SCO6010,-1.9329280957,-0.8634246902,-0.4302081209,1.1334329339,0.4971460978,-0.38959406750000003,0.2534617775,0.6596023112,1.0725118539,-0.7264362699,0.1220140611,-2.1195105368,-0.0048241899,0.0104939681,0.6037067110000001,0.4104247301,0.1520649697,1.5520665565,exp1_1,exp2_1
SCO6011,-1.7975045249,-0.22993738460000002,0.42063395810000004,1.3995889311,0.0240952349,-1.1035617592,-0.2980924777,0.6994502479,0.8853277744,0.4520387884,-0.0393257837,-2.3547946935,0.4762969503,-0.644320693,0.5341152759000001,0.0521439018,1.0429894987,0.48085675510000003,exp1_1,exp2_1
SCO6019,-2.1441882791,-1.0470023141,0.5018365078,1.131947323,0.2660957483,0.0281518041,0.1603428842,0.3674422431,0.7353740827,-2.5826736017,-0.1440205575,0.3013024139,0.4977977884,0.49622924770000004,0.5335890359000001,-0.007985298200000001,0.3319602553,0.5738007163000001,exp1_1,exp2_1
SCO6096,-1.4088540306000001,-1.6853701687,-0.1658235407,1.2645660146,0.4466467838,0.7993986795,0.5435566453,-0.3402612914,0.5461409082,-2.4191969347,-0.49497558100000005,0.8503452512,0.46007410330000004,0.6106749882,0.28314580310000004,0.5016330883,-0.2432007593,0.4515000409,exp1_1,exp2_1
SCO6097,-1.0149748357,-1.3688172919000001,0.4227531666,1.5377457418,0.5325998632,0.7581258244,0.4421950598,-1.2210589036,-0.0885686246,-2.0279569137,-1.1357053088,-0.2437426221,-0.09225920280000001,0.49798260510000003,0.7576478297,0.7214969410000001,0.6429292503,0.8796074213,exp1_1,exp2_1
SCO6098,-1.174214675,-1.3352101453,0.208452305,1.5305092256,0.5115026020000001,0.8647456044,0.5228669881,-1.0804584894,-0.0481934153,-1.8529943798000001,-1.2234627759,-0.4297880408,-0.0522004513,0.206093253,0.8074161775,0.8781385848000001,0.9506126307,0.7161850019,exp1_1,exp2_1
SCO6099,-0.9090685487,-1.6213213481,0.5618883195000001,1.3732371605,0.3946637492,0.8607248201000001,0.4658890291,-1.1088090077,-0.0172041739,-2.2977860432,-0.6078580778,-0.0941465763,0.7600996801000001,0.24527984730000002,0.6550853008,0.8684390528,-0.2171713372,0.6880581534,exp1_1,exp2_1
SCO6100,-0.6978023534000001,-1.907770984,-0.14605665780000002,1.4414221856,0.4850629799,0.9448510596,0.454087783,-0.6581153823,0.0843213695,-0.4557616968,-2.4807633846,-0.0625514925,0.5291156674,0.5300415941000001,0.6294243930000001,0.6815849303,0.4004118564,0.2284981328,exp1_1,exp2_1
SCO6102,-0.9549787599,-1.6341972205,-0.1140416181,1.5545357961000001,0.5745205886,0.8487235968,0.47245813210000004,-0.8399788088,0.0929582937,-1.6380013558000002,-0.7611461768000001,-0.9766565497,-0.31037384770000004,0.0738732102,0.7762358748,0.46002878,1.3380351249,1.0380049403,exp1_1,exp2_1
SCO6216,-0.4215552475,-2.1164146645,-0.8413828095,0.8068291007,0.21596068000000002,0.7213086714,0.1537640042,0.35590320070000003,1.1255870644,-1.5364757612000002,-1.0406931009,-0.6738841655000001,-0.2575927366,0.6308574525,1.0129899988,0.6972597663,1.4334315723,-0.2658930258,exp1_1,exp2_1
SCO6225,-1.5426935381,-1.7330716437,0.2241488807,1.1059001067,0.057150542400000004,0.0705104095,0.29094821600000004,0.5581455572,0.9689614693,-1.2706785431,-1.9228623959000002,0.2738626668,-0.0821956591,0.6279306045,0.5651228005,1.3336337833,0.26081456670000003,0.2143721763,exp1_1,exp2_1
SCO6310,-0.2942934654,-0.8088384096,0.477523951,1.3463457421,0.6884030265000001,0.39317232080000003,0.6293568854,-2.0024139771,-0.4292560737,0.2867324862,-0.9902661252,-1.0886921505,-0.8431062792,-1.166704599,0.9286819739000001,0.7670744908,0.9795961179,1.1266840851,exp1_1,exp2_1
SCO6606,1.5781789559,-1.6504209955,-0.1680143435,0.5267476714,-0.0156868429,0.4524415735,0.5081711469,-1.4089261775,0.1775090115,0.8164767899,-0.5009929941,-1.3540989887000001,0.19456803390000002,1.2973828007,-0.9326662028,0.9015510719000001,-1.1481089448,0.725888434,exp1_1,exp2_1
SCO6644,-0.6468987196,-1.2665444997,0.2761153071,2.1415072912,0.1341131492,-0.8728112436000001,-0.4661687004,0.1599317234,0.5407556924,-1.9505572592,-0.3167781375,1.120284867,1.3639367596,0.6654219852000001,0.23057583110000002,-0.4051278323,-0.5397230704,-0.1680331435,exp1_1,exp2_1
SCO6658,-0.9880413880000001,-1.2084746724,0.37207887710000004,1.9526324267000001,0.38614908680000004,-0.6738067061,-0.326741535,-0.3830223735,0.8692262844,0.5178297298,-0.054678527000000005,-1.4390689016,-0.6089294554,-0.9918385729,0.3756303754,-0.45490489370000003,0.8652137477,1.7907464978,exp1_1,exp2_1
SCO6717,0.6831560525,-1.8395671568,-1.2352869462,1.2302349811,-0.1968636716,0.3751491491,0.6200879723,-0.3083328367,0.6714224562000001,0.756801799,-0.903266542,-1.1173614557,-0.7242989408,0.0848405351,-0.4578158799,-0.2431153228,2.0674139441,0.5368018629,exp1_1,exp2_1
SCO6753,-1.212804673,-1.5970710441,-1.1438822034,0.8473162653,0.6386605699,0.5886209688,0.6235542752000001,0.5263075032,0.7292983381,-2.3462129039,-0.6843260275,0.25656118040000003,0.212352212,-0.111345392,0.5659082292000001,0.7577890399,0.4522610905,0.8970125714,exp1_1,exp2_1
SCO6754,-1.431972327,-1.6546067635,-0.5887443988000001,1.1283236928,0.4604203833,0.20995664220000002,0.3296226518,0.6496596543000001,0.8973404649000001,-2.2379494294,-0.034226645,-0.5885131467,-0.47302714900000004,0.3696271944,0.6311485918,0.8114363516,0.5744470499000001,0.9470571825,exp1_1,exp2_1
SCO6758,-0.8490495854000001,-1.6513243018,-1.3427571032,1.0530467889,0.5946040939,0.6078284024,0.5395028084,0.3279138722,0.7202350247,-1.0656037319,0.3181566012,-0.3928233559,-0.6849072271000001,-0.5580950126,-0.5438026523,-0.3598209968,1.6694342973,1.6174620782,exp1_1,exp2_1
SCO7000,0.1316500143,-0.9623510162000001,-0.026541772300000002,1.9784914753,0.6208374670000001,0.0382596824,0.289841801,-1.5487406511000001,-0.5214470004,1.7035222298,-1.1147004947,-0.9491811597,-0.40154460340000003,-0.6835465573,0.2374028266,-0.5492918041,0.4183257669,1.3390137959000001,exp1_1,exp2_1
SCO7036,-1.4435415686,-1.7104705983000001,-0.6658617686,0.8313312069000001,0.6393016662000001,0.5420916912,0.6329272416,0.4090255779,0.7651965518,-1.3961297003,-0.9183670921,-1.2062774889,-0.1756225163,0.1465935219,0.3293383218,0.7767706204,1.1877289147,1.2559654188,exp1_1,exp2_1
SCO7040,1.0467337115,-1.128347034,-1.5234926359,1.4371328197,0.3834112146,0.0677693825,0.0060649642,-0.8696631265,0.5803907039,0.014982697900000001,-0.32550155540000003,-1.8058551196,-1.2705849294,0.419613324,0.1382884541,0.6513616526,0.9712134597000001,1.2064820162,exp1_1,exp2_1
SCO7102,-1.1313574937,-1.9288511391,0.032756453000000005,1.3291560756,0.3313441212,0.4031563452,0.18394008250000002,-0.167561856,0.9474174112,-1.0536739732,-0.8376677949,-0.7860498802,-1.0339473816,0.3582568223,0.2318422477,1.1366352502,0.2650486769,1.7195560327,exp1_1,exp2_1
SCO7463,-2.5552551277999997,-0.2773706539,0.4731156461,0.7849374186,0.3092770876,0.2423323003,0.2388088904,0.2599493496,0.5242050890000001,0.0671540411,0.3841604557,-1.6119098364000002,0.48681266830000003,0.6258951867,0.5761544427,-1.8484921397,0.6767258672,0.6434993145,exp1_1,exp2_1
SCO7464,-2.5413818354,-0.1652994967,0.546820136,0.8499997816,0.38465427900000004,0.1378801489,0.31414738470000003,-0.0031336397,0.4763132417,-0.9316464992000001,-0.3175675358,-0.27481426670000003,0.6747817019,1.0533478467,1.0080796794,0.9222772706000001,-1.8565372914,-0.2779209056,exp1_1,exp2_1
